Timestamp (GMT+7),DO Value,DO Temperature,EC Value (us/cm),EC Temperature,Battery Voltage
2024-10-04 00:00:37+07:00,-9999.00000,-9999.00000,0,25.00000,8.00336
2024-10-04 00:01:52+07:00,-9999.00000,-9999.00000,0,25.00000,7.98860
2024-10-04 00:07:43+07:00,-9999.00000,-9999.00000,0,25.00000,7.98122
2024-10-04 00:08:57+07:00,-9999.00000,-9999.00000,0,25.00000,7.97384
2024-10-04 00:10:11+07:00,-9999.00000,-9999.00000,0,25.00000,7.92464
2024-10-04 00:11:29+07:00,-9999.00000,-9999.00000,0,25.00000,7.88528
2024-10-04 00:12:44+07:00,-9999.00000,-9999.00000,0,25.00000,7.98122
2024-10-04 00:13:59+07:00,-9999.00000,-9999.00000,0,25.00000,7.98368
2024-10-04 00:15:14+07:00,-9999.00000,-9999.00000,0,25.00000,7.97384
2024-10-04 00:16:29+07:00,-9999.00000,-9999.00000,0,25.00000,7.91972
2024-10-04 00:17:43+07:00,-9999.00000,-9999.00000,0,25.00000,7.98122
2024-10-04 00:18:59+07:00,-9999.00000,-9999.00000,0,25.00000,7.98122
2024-10-04 00:20:14+07:00,-9999.00000,-9999.00000,0,25.00000,7.97384
2024-10-04 00:21:29+07:00,-9999.00000,-9999.00000,0,25.00000,7.87298
2024-10-04 00:22:43+07:00,-9999.00000,-9999.00000,0,25.00000,7.98122
2024-10-04 00:23:58+07:00,-9999.00000,-9999.00000,0,25.00000,7.97384
2024-10-04 00:25:12+07:00,-9999.00000,-9999.00000,0,25.00000,7.95170
2024-10-04 00:26:26+07:00,-9999.00000,-9999.00000,0,25.00000,7.97384
2024-10-04 00:27:41+07:00,-9999.00000,-9999.00000,0,25.00000,7.97138
2024-10-04 00:28:58+07:00,-9999.00000,-9999.00000,0,25.00000,7.96646
2024-10-04 00:30:17+07:00,-9999.00000,-9999.00000,0,25.00000,7.96892
2024-10-04 00:31:32+07:00,-9999.00000,-9999.00000,0,25.00000,7.97138
2024-10-04 00:32:45+07:00,-9999.00000,-9999.00000,0,25.00000,7.96892
2024-10-04 00:34:02+07:00,-9999.00000,-9999.00000,0,25.00000,7.97138
2024-10-04 00:35:16+07:00,-9999.00000,-9999.00000,0,25.00000,7.96646
2024-10-04 00:36:38+07:00,-9999.00000,-9999.00000,0,25.00000,7.96892
2024-10-04 00:37:59+07:00,-9999.00000,-9999.00000,0,25.00000,7.98122
2024-10-04 00:39:13+07:00,-9999.00000,-9999.00000,0,25.00000,7.98122
2024-10-04 00:40:27+07:00,-9999.00000,-9999.00000,0,25.00000,7.96892
2024-10-04 00:41:42+07:00,-9999.00000,-9999.00000,0,25.00000,7.99106
2024-10-04 00:42:56+07:00,-9999.00000,-9999.00000,0,25.00000,7.98368
2024-10-04 00:44:10+07:00,-9999.00000,-9999.00000,0,25.00000,7.97384
2024-10-04 00:45:24+07:00,-9999.00000,-9999.00000,0,25.00000,7.97630
2024-10-04 00:46:38+07:00,-9999.00000,-9999.00000,0,25.00000,7.97138
2024-10-04 00:49:11+07:00,-9999.00000,-9999.00000,0,25.00000,7.97138
2024-10-04 00:50:28+07:00,-9999.00000,-9999.00000,0,25.00000,7.96892
2024-10-04 00:51:44+07:00,-9999.00000,-9999.00000,0,25.00000,7.90496
2024-10-04 00:52:58+07:00,-9999.00000,-9999.00000,0,25.00000,7.98122
2024-10-04 00:54:12+07:00,-9999.00000,-9999.00000,0,25.00000,7.98368
2024-10-04 00:55:26+07:00,-9999.00000,-9999.00000,0,25.00000,7.96646
2024-10-04 00:56:41+07:00,-9999.00000,-9999.00000,0,25.00000,7.96646
2024-10-04 00:59:17+07:00,-9999.00000,-9999.00000,0,25.00000,7.96646
2024-10-04 01:00:37+07:00,-9999.00000,-9999.00000,0,25.00000,7.95662
2024-10-04 01:01:51+07:00,-9999.00000,-9999.00000,0,25.00000,7.96646
2024-10-04 01:03:06+07:00,-9999.00000,-9999.00000,0,25.00000,7.96400
2024-10-04 01:04:23+07:00,-9999.00000,-9999.00000,0,25.00000,7.96646
2024-10-04 01:05:38+07:00,-9999.00000,-9999.00000,0,25.00000,7.96154
2024-10-04 01:06:53+07:00,-9999.00000,-9999.00000,0,25.00000,7.97138
2024-10-04 01:08:13+07:00,-9999.00000,-9999.00000,0,25.00000,7.96154
2024-10-04 01:09:32+07:00,-9999.00000,-9999.00000,0,25.00000,7.98368
2024-10-04 01:10:46+07:00,-9999.00000,-9999.00000,0,25.00000,7.96646
2024-10-04 01:12:01+07:00,-9999.00000,-9999.00000,0,25.00000,7.96646
2024-10-04 01:13:22+07:00,-9999.00000,-9999.00000,0,25.00000,7.96154
2024-10-04 01:14:36+07:00,-9999.00000,-9999.00000,0,25.00000,7.96646
2024-10-04 01:15:50+07:00,-9999.00000,-9999.00000,0,25.00000,7.96154
2024-10-04 01:17:05+07:00,-9999.00000,-9999.00000,0,25.00000,7.96646
2024-10-04 01:18:19+07:00,-9999.00000,-9999.00000,0,25.00000,7.96646
2024-10-04 01:19:33+07:00,-9999.00000,-9999.00000,0,25.00000,7.96154
2024-10-04 01:20:47+07:00,-9999.00000,-9999.00000,0,25.00000,7.96892
2024-10-04 01:22:01+07:00,-9999.00000,-9999.00000,0,25.00000,7.96646
2024-10-04 01:23:15+07:00,-9999.00000,-9999.00000,0,25.00000,7.84100
2024-10-04 01:24:31+07:00,-9999.00000,-9999.00000,0,25.00000,7.96646
2024-10-04 01:25:45+07:00,-9999.00000,-9999.00000,0,25.00000,7.96400
2024-10-04 01:26:59+07:00,-9999.00000,-9999.00000,0,25.00000,7.96646
2024-10-04 01:28:13+07:00,-9999.00000,-9999.00000,0,25.00000,7.94924
2024-10-04 01:29:29+07:00,-9999.00000,-9999.00000,0,25.00000,7.96154
2024-10-04 01:30:47+07:00,-9999.00000,-9999.00000,0,25.00000,7.95662
2024-10-04 01:32:01+07:00,-9999.00000,-9999.00000,0,25.00000,7.93694
2024-10-04 01:33:17+07:00,-9999.00000,-9999.00000,0,25.00000,7.96154
2024-10-04 01:34:31+07:00,-9999.00000,-9999.00000,0,25.00000,7.96400
2024-10-04 01:35:44+07:00,-9999.00000,-9999.00000,0,25.00000,7.95908
2024-10-04 01:36:58+07:00,-9999.00000,-9999.00000,0,25.00000,7.96154
2024-10-04 01:38:13+07:00,-9999.00000,-9999.00000,0,25.00000,7.95416
2024-10-04 01:39:29+07:00,-9999.00000,-9999.00000,0,25.00000,7.95662
2024-10-04 01:40:45+07:00,-9999.00000,-9999.00000,0,25.00000,7.95416
2024-10-04 01:42:00+07:00,-9999.00000,-9999.00000,0,25.00000,7.96154
2024-10-04 01:43:16+07:00,-9999.00000,-9999.00000,0,25.00000,7.95170
2024-10-04 01:44:32+07:00,-9999.00000,-9999.00000,0,25.00000,7.85084
2024-10-04 01:45:47+07:00,-9999.00000,-9999.00000,0,25.00000,7.93940
2024-10-04 01:47:02+07:00,-9999.00000,-9999.00000,0,25.00000,7.94432
2024-10-04 01:48:19+07:00,-9999.00000,-9999.00000,0,25.00000,7.94432
2024-10-04 01:49:33+07:00,-9999.00000,-9999.00000,0,25.00000,7.94432
2024-10-04 01:50:48+07:00,-9999.00000,-9999.00000,0,25.00000,7.94924
2024-10-04 01:52:03+07:00,-9999.00000,-9999.00000,0,25.00000,7.94432
2024-10-04 01:53:24+07:00,-9999.00000,-9999.00000,0,25.00000,7.94432
2024-10-04 01:54:38+07:00,-9999.00000,-9999.00000,0,25.00000,7.86314
2024-10-04 01:55:53+07:00,-9999.00000,-9999.00000,0,25.00000,7.93940
2024-10-04 01:57:08+07:00,-9999.00000,-9999.00000,0,25.00000,7.94432
2024-10-04 01:58:22+07:00,-9999.00000,-9999.00000,0,25.00000,7.94186
2024-10-04 01:59:38+07:00,-9999.00000,-9999.00000,0,25.00000,7.94432
2024-10-04 02:00:54+07:00,-9999.00000,-9999.00000,0,25.00000,7.92710
2024-10-04 02:02:10+07:00,-9999.00000,-9999.00000,0,25.00000,7.93940
2024-10-04 02:03:24+07:00,-9999.00000,-9999.00000,0,25.00000,7.94924
2024-10-04 02:04:38+07:00,-9999.00000,-9999.00000,0,25.00000,7.86560
2024-10-04 02:05:52+07:00,-9999.00000,-9999.00000,0,25.00000,7.94432
2024-10-04 02:07:06+07:00,-9999.00000,-9999.00000,0,25.00000,7.93694
2024-10-04 02:08:20+07:00,-9999.00000,-9999.00000,0,25.00000,7.95908
2024-10-04 02:09:35+07:00,-9999.00000,-9999.00000,0,25.00000,7.93202
2024-10-04 02:10:52+07:00,-9999.00000,-9999.00000,0,25.00000,7.93940
2024-10-04 02:12:11+07:00,-9999.00000,-9999.00000,0,25.00000,7.94186
2024-10-04 02:13:27+07:00,-9999.00000,-9999.00000,0,25.00000,7.82624
2024-10-04 02:14:42+07:00,-9999.00000,-9999.00000,0,25.00000,7.94186
2024-10-04 02:16:01+07:00,-9999.00000,-9999.00000,0,25.00000,7.94432
2024-10-04 02:17:17+07:00,-9999.00000,-9999.00000,0,25.00000,7.92956
2024-10-04 02:18:33+07:00,-9999.00000,-9999.00000,0,25.00000,7.80902
2024-10-04 02:19:51+07:00,-9999.00000,-9999.00000,0,25.00000,7.93448
2024-10-04 02:21:05+07:00,-9999.00000,-9999.00000,0,25.00000,7.93202
2024-10-04 02:22:19+07:00,-9999.00000,-9999.00000,0,25.00000,7.92956
2024-10-04 02:23:33+07:00,-9999.00000,-9999.00000,0,25.00000,7.93448
2024-10-04 02:24:49+07:00,-9999.00000,-9999.00000,0,25.00000,7.93694
2024-10-04 02:26:07+07:00,-9999.00000,-9999.00000,0,25.00000,7.93202
2024-10-04 02:27:21+07:00,-9999.00000,-9999.00000,0,25.00000,7.77704
2024-10-04 02:28:36+07:00,-9999.00000,-9999.00000,0,25.00000,7.92464
2024-10-04 02:29:51+07:00,-9999.00000,-9999.00000,0,25.00000,7.87298
2024-10-04 02:31:11+07:00,-9999.00000,-9999.00000,0,25.00000,7.91972
2024-10-04 02:32:26+07:00,-9999.00000,-9999.00000,0,25.00000,7.91972
2024-10-04 02:33:41+07:00,-9999.00000,-9999.00000,0,25.00000,7.92956
2024-10-04 02:35:00+07:00,-9999.00000,-9999.00000,0,25.00000,7.93202
2024-10-04 02:36:15+07:00,-9999.00000,-9999.00000,0,25.00000,7.93202
2024-10-04 02:37:29+07:00,-9999.00000,-9999.00000,0,25.00000,7.80164
2024-10-04 02:38:44+07:00,-9999.00000,-9999.00000,0,25.00000,7.94924
2024-10-04 02:40:00+07:00,-9999.00000,-9999.00000,0,25.00000,7.92464
2024-10-04 02:41:13+07:00,-9999.00000,-9999.00000,0,25.00000,7.92956
2024-10-04 02:42:28+07:00,-9999.00000,-9999.00000,0,25.00000,7.93202
2024-10-04 02:43:43+07:00,-9999.00000,-9999.00000,0,25.00000,7.92956
2024-10-04 02:44:58+07:00,-9999.00000,-9999.00000,0,25.00000,7.93202
2024-10-04 02:46:12+07:00,-9999.00000,-9999.00000,0,25.00000,7.92710
2024-10-04 02:47:27+07:00,-9999.00000,-9999.00000,0,25.00000,7.92464
2024-10-04 02:48:42+07:00,-9999.00000,-9999.00000,0,25.00000,7.91972
2024-10-04 02:49:57+07:00,-9999.00000,-9999.00000,0,25.00000,7.93940
2024-10-04 02:51:12+07:00,-9999.00000,-9999.00000,0,25.00000,7.91972
2024-10-04 02:52:26+07:00,-9999.00000,-9999.00000,0,25.00000,7.92464
2024-10-04 02:53:42+07:00,-9999.00000,-9999.00000,0,25.00000,7.92218
2024-10-04 02:54:58+07:00,-9999.00000,-9999.00000,0,25.00000,7.91726
2024-10-04 02:56:12+07:00,-9999.00000,-9999.00000,0,25.00000,7.92710
2024-10-04 02:57:25+07:00,-9999.00000,-9999.00000,0,25.00000,7.92464
2024-10-04 02:58:40+07:00,-9999.00000,-9999.00000,0,25.00000,7.91480
2024-10-04 02:59:55+07:00,-9999.00000,-9999.00000,0,25.00000,7.91972
2024-10-04 03:01:09+07:00,-9999.00000,-9999.00000,0,25.00000,7.92218
2024-10-04 03:02:27+07:00,-9999.00000,-9999.00000,0,25.00000,7.92464
2024-10-04 03:03:43+07:00,-9999.00000,-9999.00000,0,25.00000,7.91234
2024-10-04 03:05:04+07:00,-9999.00000,-9999.00000,0,25.00000,7.90988
2024-10-04 03:06:18+07:00,-9999.00000,-9999.00000,0,25.00000,7.90250
2024-10-04 03:07:34+07:00,-9999.00000,-9999.00000,0,25.00000,7.90496
2024-10-04 03:08:48+07:00,-9999.00000,-9999.00000,0,25.00000,7.91480
2024-10-04 03:10:03+07:00,-9999.00000,-9999.00000,0,25.00000,7.83854
2024-10-04 03:11:19+07:00,-9999.00000,-9999.00000,0,25.00000,7.90988
2024-10-04 03:12:34+07:00,-9999.00000,-9999.00000,0,25.00000,7.90742
2024-10-04 03:13:49+07:00,-9999.00000,-9999.00000,0,25.00000,7.79180
2024-10-04 03:15:06+07:00,-9999.00000,-9999.00000,0,25.00000,7.92218
2024-10-04 03:16:21+07:00,-9999.00000,-9999.00000,0,25.00000,7.90496
2024-10-04 03:17:36+07:00,-9999.00000,-9999.00000,0,25.00000,7.91234
2024-10-04 03:18:51+07:00,-9999.00000,-9999.00000,0,25.00000,7.90988
2024-10-04 03:20:05+07:00,-9999.00000,-9999.00000,0,25.00000,7.91234
2024-10-04 03:21:19+07:00,-9999.00000,-9999.00000,0,25.00000,7.90250
2024-10-04 03:22:33+07:00,-9999.00000,-9999.00000,0,25.00000,7.90496
2024-10-04 03:23:47+07:00,-9999.00000,-9999.00000,0,25.00000,7.79180
2024-10-04 03:25:01+07:00,-9999.00000,-9999.00000,0,25.00000,7.90004
2024-10-04 03:26:15+07:00,-9999.00000,-9999.00000,0,25.00000,7.90004
2024-10-04 03:27:30+07:00,-9999.00000,-9999.00000,0,25.00000,7.89512
2024-10-04 03:28:44+07:00,-9999.00000,-9999.00000,0,25.00000,7.90250
2024-10-04 03:29:57+07:00,-9999.00000,-9999.00000,0,25.00000,7.90004
2024-10-04 03:31:11+07:00,-9999.00000,-9999.00000,0,25.00000,7.90988
2024-10-04 03:32:26+07:00,-9999.00000,-9999.00000,0,25.00000,7.91972
2024-10-04 03:33:48+07:00,-9999.00000,-9999.00000,0,25.00000,7.90250
2024-10-04 03:35:02+07:00,-9999.00000,-9999.00000,0,25.00000,7.91480
2024-10-04 03:36:17+07:00,-9999.00000,-9999.00000,0,25.00000,7.79426
2024-10-04 03:37:32+07:00,-9999.00000,-9999.00000,0,25.00000,7.89758
2024-10-04 03:38:46+07:00,-9999.00000,-9999.00000,0,25.00000,7.89020
2024-10-04 03:40:02+07:00,-9999.00000,-9999.00000,0,25.00000,7.89266
2024-10-04 03:41:17+07:00,-9999.00000,-9999.00000,0,25.00000,7.89020
2024-10-04 03:42:31+07:00,-9999.00000,-9999.00000,0,25.00000,7.89512
2024-10-04 03:43:45+07:00,-9999.00000,-9999.00000,0,25.00000,7.90496
2024-10-04 03:44:59+07:00,-9999.00000,-9999.00000,0,25.00000,7.90004
2024-10-04 03:46:12+07:00,-9999.00000,-9999.00000,0,25.00000,7.89512
2024-10-04 03:47:27+07:00,-9999.00000,-9999.00000,0,25.00000,7.88774
2024-10-04 03:48:41+07:00,-9999.00000,-9999.00000,0,25.00000,7.89758
2024-10-04 03:49:55+07:00,-9999.00000,-9999.00000,0,25.00000,7.90004
2024-10-04 03:51:09+07:00,-9999.00000,-9999.00000,0,25.00000,7.89512
2024-10-04 03:52:24+07:00,-9999.00000,-9999.00000,0,25.00000,7.81640
2024-10-04 03:53:39+07:00,-9999.00000,-9999.00000,0,25.00000,7.88528
2024-10-04 03:54:54+07:00,-9999.00000,-9999.00000,0,25.00000,7.89758
2024-10-04 03:56:08+07:00,-9999.00000,-9999.00000,0,25.00000,7.89758
2024-10-04 03:57:22+07:00,-9999.00000,-9999.00000,0,25.00000,7.89266
2024-10-04 03:58:38+07:00,-9999.00000,-9999.00000,0,25.00000,7.88282
2024-10-04 03:59:53+07:00,-9999.00000,-9999.00000,0,25.00000,7.89020
2024-10-04 04:01:14+07:00,-9999.00000,-9999.00000,0,25.00000,7.89020
2024-10-04 04:02:28+07:00,-9999.00000,-9999.00000,0,25.00000,7.90496
2024-10-04 04:03:42+07:00,-9999.00000,-9999.00000,0,25.00000,7.88774
2024-10-04 04:04:57+07:00,-9999.00000,-9999.00000,0,25.00000,7.89266
2024-10-04 04:06:12+07:00,-9999.00000,-9999.00000,0,25.00000,7.88774
2024-10-04 04:07:26+07:00,-9999.00000,-9999.00000,0,25.00000,7.85822
2024-10-04 04:08:42+07:00,-9999.00000,-9999.00000,0,25.00000,7.76474
2024-10-04 04:10:06+07:00,-9999.00000,-9999.00000,0,25.00000,7.88774
2024-10-04 04:11:20+07:00,-9999.00000,-9999.00000,0,25.00000,7.88774
2024-10-04 04:12:34+07:00,-9999.00000,-9999.00000,0,25.00000,7.88774
2024-10-04 04:13:49+07:00,-9999.00000,-9999.00000,0,25.00000,7.88774
2024-10-04 04:15:03+07:00,-9999.00000,-9999.00000,0,25.00000,7.88774
2024-10-04 04:16:17+07:00,-9999.00000,-9999.00000,0,25.00000,7.80902
2024-10-04 04:17:31+07:00,-9999.00000,-9999.00000,0,25.00000,7.88774
2024-10-04 04:18:48+07:00,-9999.00000,-9999.00000,0,25.00000,7.88036
2024-10-04 04:20:02+07:00,-9999.00000,-9999.00000,0,25.00000,7.88528
2024-10-04 04:21:17+07:00,-9999.00000,-9999.00000,0,25.00000,7.88774
2024-10-04 04:22:31+07:00,-9999.00000,-9999.00000,0,25.00000,7.88528
2024-10-04 04:23:46+07:00,-9999.00000,-9999.00000,0,25.00000,7.88036
2024-10-04 04:25:00+07:00,-9999.00000,-9999.00000,0,25.00000,7.80410
2024-10-04 04:26:15+07:00,-9999.00000,-9999.00000,0,25.00000,7.86806
2024-10-04 04:27:31+07:00,-9999.00000,-9999.00000,0,25.00000,7.88282
2024-10-04 04:28:46+07:00,-9999.00000,-9999.00000,0,25.00000,7.87298
2024-10-04 04:30:00+07:00,-9999.00000,-9999.00000,0,25.00000,7.88036
2024-10-04 04:31:14+07:00,-9999.00000,-9999.00000,0,25.00000,7.86560
2024-10-04 04:32:29+07:00,-9999.00000,-9999.00000,0,25.00000,7.87544
2024-10-04 04:33:43+07:00,-9999.00000,-9999.00000,0,25.00000,7.87298
2024-10-04 04:34:57+07:00,-9999.00000,-9999.00000,0,25.00000,7.87544
2024-10-04 04:36:11+07:00,-9999.00000,-9999.00000,0,25.00000,7.88282
2024-10-04 04:37:25+07:00,-9999.00000,-9999.00000,0,25.00000,7.86560
2024-10-04 04:38:40+07:00,-9999.00000,-9999.00000,0,25.00000,7.87298
2024-10-04 04:39:55+07:00,-9999.00000,-9999.00000,0,25.00000,7.87790
2024-10-04 04:41:10+07:00,-9999.00000,-9999.00000,0,25.00000,7.86314
2024-10-04 04:42:25+07:00,-9999.00000,-9999.00000,0,25.00000,7.87052
2024-10-04 04:43:40+07:00,-9999.00000,-9999.00000,0,25.00000,7.87052
2024-10-04 04:44:55+07:00,-9999.00000,-9999.00000,0,25.00000,7.84100
2024-10-04 04:46:12+07:00,-9999.00000,-9999.00000,0,25.00000,7.87052
2024-10-04 04:47:26+07:00,-9999.00000,-9999.00000,0,25.00000,7.84838
2024-10-04 04:48:40+07:00,-9999.00000,-9999.00000,0,25.00000,7.86068
2024-10-04 04:49:56+07:00,-9999.00000,-9999.00000,0,25.00000,7.86314
2024-10-04 04:51:11+07:00,-9999.00000,-9999.00000,0,25.00000,7.83608
2024-10-04 04:52:27+07:00,-9999.00000,-9999.00000,0,25.00000,7.87298
2024-10-04 04:53:42+07:00,-9999.00000,-9999.00000,0,25.00000,7.86068
2024-10-04 04:54:57+07:00,-9999.00000,-9999.00000,0,25.00000,7.87052
2024-10-04 04:57:31+07:00,-9999.00000,-9999.00000,0,25.00000,7.86560
2024-10-04 04:58:45+07:00,-9999.00000,-9999.00000,0,25.00000,7.86560
2024-10-04 05:00:05+07:00,-9999.00000,-9999.00000,0,25.00000,7.86068
2024-10-04 05:01:19+07:00,-9999.00000,-9999.00000,0,25.00000,7.85576
2024-10-04 05:02:33+07:00,-9999.00000,-9999.00000,0,25.00000,7.85576
2024-10-04 05:03:53+07:00,-9999.00000,-9999.00000,0,25.00000,7.85822
2024-10-04 05:05:08+07:00,-9999.00000,-9999.00000,0,25.00000,7.86314
2024-10-04 05:06:22+07:00,-9999.00000,-9999.00000,0,25.00000,7.84592
2024-10-04 05:07:36+07:00,-9999.00000,-9999.00000,0,25.00000,7.76474
2024-10-04 05:08:50+07:00,-9999.00000,-9999.00000,0,25.00000,7.86068
2024-10-04 05:10:05+07:00,-9999.00000,-9999.00000,0,25.00000,7.84838
2024-10-04 05:11:19+07:00,-9999.00000,-9999.00000,0,25.00000,7.85330
2024-10-04 05:12:33+07:00,-9999.00000,-9999.00000,0,25.00000,7.84838
2024-10-04 05:13:48+07:00,-9999.00000,-9999.00000,0,25.00000,7.85576
2024-10-04 05:15:03+07:00,-9999.00000,-9999.00000,0,25.00000,7.77212
2024-10-04 05:16:18+07:00,-9999.00000,-9999.00000,0,25.00000,7.86068
2024-10-04 05:17:31+07:00,-9999.00000,-9999.00000,0,25.00000,7.84838
2024-10-04 05:18:47+07:00,-9999.00000,-9999.00000,0,25.00000,7.85330
2024-10-04 05:20:03+07:00,-9999.00000,-9999.00000,0,25.00000,7.84838
2024-10-04 05:21:20+07:00,-9999.00000,-9999.00000,0,25.00000,7.86068
2024-10-04 05:22:35+07:00,-9999.00000,-9999.00000,0,25.00000,7.86560
2024-10-04 05:23:49+07:00,-9999.00000,-9999.00000,0,25.00000,7.85822
2024-10-04 05:25:04+07:00,-9999.00000,-9999.00000,0,25.00000,7.86314
2024-10-04 05:26:18+07:00,-9999.00000,-9999.00000,0,25.00000,7.85084
2024-10-04 05:27:32+07:00,-9999.00000,-9999.00000,0,25.00000,7.84838
2024-10-04 05:28:47+07:00,-9999.00000,-9999.00000,0,25.00000,7.84838
2024-10-04 05:30:01+07:00,-9999.00000,-9999.00000,0,25.00000,7.85330
2024-10-04 05:31:14+07:00,-9999.00000,-9999.00000,0,25.00000,7.84592
2024-10-04 05:32:29+07:00,-9999.00000,-9999.00000,0,25.00000,7.84838
2024-10-04 05:33:43+07:00,-9999.00000,-9999.00000,0,25.00000,7.84838
2024-10-04 05:34:59+07:00,-9999.00000,-9999.00000,0,25.00000,7.84838
2024-10-04 05:36:14+07:00,-9999.00000,-9999.00000,0,25.00000,7.84592
2024-10-04 05:37:28+07:00,-9999.00000,-9999.00000,0,25.00000,7.84838
2024-10-04 05:38:42+07:00,-9999.00000,-9999.00000,0,25.00000,7.84592
2024-10-04 05:39:57+07:00,-9999.00000,-9999.00000,0,25.00000,7.83362
2024-10-04 05:41:11+07:00,-9999.00000,-9999.00000,0,25.00000,7.84346
2024-10-04 05:42:27+07:00,-9999.00000,-9999.00000,0,25.00000,7.84592
2024-10-04 05:43:41+07:00,-9999.00000,-9999.00000,0,25.00000,7.84838
2024-10-04 05:44:55+07:00,-9999.00000,-9999.00000,0,25.00000,7.84838
2024-10-04 05:46:09+07:00,-9999.00000,-9999.00000,0,25.00000,7.84592
2024-10-04 05:47:23+07:00,-9999.00000,-9999.00000,0,25.00000,7.84346
2024-10-04 05:48:37+07:00,-9999.00000,-9999.00000,0,25.00000,7.84838
2024-10-04 05:49:52+07:00,-9999.00000,-9999.00000,0,25.00000,7.83608
2024-10-04 05:51:10+07:00,-9999.00000,-9999.00000,0,25.00000,7.84346
2024-10-04 05:52:26+07:00,-9999.00000,-9999.00000,0,25.00000,7.84100
2024-10-04 05:53:40+07:00,-9999.00000,-9999.00000,0,25.00000,7.84838
2024-10-04 05:54:54+07:00,-9999.00000,-9999.00000,0,25.00000,7.80656
2024-10-04 05:56:09+07:00,-9999.00000,-9999.00000,0,25.00000,7.84592
2024-10-04 05:57:23+07:00,-9999.00000,-9999.00000,0,25.00000,7.84838
2024-10-04 05:58:38+07:00,-9999.00000,-9999.00000,0,25.00000,7.84100
2024-10-04 05:59:53+07:00,-9999.00000,-9999.00000,0,25.00000,7.84592
2024-10-04 06:01:09+07:00,-9999.00000,-9999.00000,0,25.00000,7.83854
2024-10-04 06:02:24+07:00,-9999.00000,-9999.00000,0,25.00000,7.77458
2024-10-04 06:03:39+07:00,-9999.00000,-9999.00000,0,25.00000,7.71308
2024-10-04 06:04:54+07:00,-9999.00000,-9999.00000,0,25.00000,7.83362
2024-10-04 06:06:08+07:00,-9999.00000,-9999.00000,0,25.00000,7.83116
2024-10-04 06:07:22+07:00,-9999.00000,-9999.00000,0,25.00000,7.82624
2024-10-04 06:08:40+07:00,-9999.00000,-9999.00000,0,25.00000,7.83362
2024-10-04 06:09:56+07:00,-9999.00000,-9999.00000,0,25.00000,7.79426
2024-10-04 06:11:10+07:00,-9999.00000,-9999.00000,0,25.00000,7.83608
2024-10-04 06:12:24+07:00,-9999.00000,-9999.00000,0,25.00000,7.83362
2024-10-04 06:13:40+07:00,-9999.00000,-9999.00000,0,25.00000,7.77950
2024-10-04 06:14:55+07:00,-9999.00000,-9999.00000,0,25.00000,7.83362
2024-10-04 06:16:14+07:00,-9999.00000,-9999.00000,0,25.00000,7.82624
2024-10-04 06:17:30+07:00,-9999.00000,-9999.00000,0,25.00000,7.77458
2024-10-04 06:18:44+07:00,-9999.00000,-9999.00000,0,25.00000,7.83116
2024-10-04 06:23:24+07:00,-9999.00000,-9999.00000,0,25.00000,7.81640
2024-10-04 06:24:38+07:00,-9999.00000,-9999.00000,0,25.00000,7.81886
2024-10-04 06:25:52+07:00,-9999.00000,-9999.00000,0,25.00000,7.81640
2024-10-04 06:28:59+07:00,-9999.00000,-9999.00000,0,25.00000,7.82132
2024-10-04 06:30:13+07:00,-9999.00000,-9999.00000,0,25.00000,7.81886
2024-10-04 06:31:27+07:00,-9999.00000,-9999.00000,0,25.00000,7.82132
2024-10-04 06:32:41+07:00,-9999.00000,-9999.00000,0,25.00000,7.81640
2024-10-04 06:33:55+07:00,-9999.00000,-9999.00000,0,25.00000,7.81640
2024-10-04 06:35:09+07:00,-9999.00000,-9999.00000,0,25.00000,7.82624
2024-10-04 06:36:24+07:00,-9999.00000,-9999.00000,0,25.00000,7.81640
2024-10-04 06:37:42+07:00,-9999.00000,-9999.00000,0,25.00000,7.85576
2024-10-04 06:38:56+07:00,-9999.00000,-9999.00000,0,25.00000,7.83116
2024-10-04 06:40:10+07:00,-9999.00000,-9999.00000,0,25.00000,7.80902
2024-10-04 06:41:31+07:00,-9999.00000,-9999.00000,0,25.00000,7.80902
2024-10-04 06:42:45+07:00,-9999.00000,-9999.00000,0,25.00000,7.81640
2024-10-04 06:43:59+07:00,-9999.00000,-9999.00000,0,25.00000,7.81394
2024-10-04 06:45:15+07:00,-9999.00000,-9999.00000,0,26.00000,7.80902
2024-10-04 06:46:47+07:00,-9999.00000,-9999.00000,0,26.00000,7.78196
2024-10-04 06:48:01+07:00,-9999.00000,-9999.00000,0,26.00000,7.81148
2024-10-04 06:49:15+07:00,-9999.00000,-9999.00000,0,26.00000,7.82378
2024-10-04 06:50:29+07:00,-9999.00000,-9999.00000,0,26.00000,7.81640
2024-10-04 06:51:43+07:00,-9999.00000,-9999.00000,0,26.00000,7.82132
2024-10-04 06:52:57+07:00,-9999.00000,-9999.00000,0,26.00000,7.81148
2024-10-04 06:54:11+07:00,-9999.00000,-9999.00000,0,26.00000,7.81394
2024-10-04 06:55:25+07:00,-9999.00000,-9999.00000,0,26.00000,7.81394
2024-10-04 06:56:39+07:00,-9999.00000,-9999.00000,0,26.00000,7.80902
2024-10-04 06:57:53+07:00,-9999.00000,-9999.00000,0,26.00000,7.80902
2024-10-04 06:59:06+07:00,-9999.00000,-9999.00000,0,26.00000,7.80902
2024-10-04 07:00:20+07:00,-9999.00000,-9999.00000,0,26.00000,7.80902
2024-10-04 07:01:35+07:00,-9999.00000,-9999.00000,0,26.00000,7.80902
2024-10-04 07:02:49+07:00,-9999.00000,-9999.00000,0,26.00000,7.81148
2024-10-04 07:04:03+07:00,-9999.00000,-9999.00000,0,26.00000,7.80902
2024-10-04 07:05:17+07:00,-9999.00000,-9999.00000,0,26.00000,7.80902
2024-10-04 07:06:31+07:00,-9999.00000,-9999.00000,0,26.00000,7.80902
2024-10-04 07:07:44+07:00,-9999.00000,-9999.00000,0,26.00000,7.80902
2024-10-04 07:08:58+07:00,-9999.00000,-9999.00000,0,27.00000,7.80656
2024-10-04 07:10:12+07:00,-9999.00000,-9999.00000,0,27.00000,7.80656
2024-10-04 07:11:26+07:00,-9999.00000,-9999.00000,0,27.00000,7.80656
2024-10-04 07:12:40+07:00,-9999.00000,-9999.00000,0,27.00000,7.80410
2024-10-04 07:13:54+07:00,-9999.00000,-9999.00000,0,27.00000,7.79672
2024-10-04 07:15:08+07:00,-9999.00000,-9999.00000,0,27.00000,7.80656
2024-10-04 07:16:22+07:00,-9999.00000,-9999.00000,0,27.00000,7.77458
2024-10-04 07:17:36+07:00,-9999.00000,-9999.00000,0,27.00000,7.80656
2024-10-04 07:18:52+07:00,-9999.00000,-9999.00000,0,27.00000,7.78688
2024-10-04 07:20:06+07:00,-9999.00000,-9999.00000,0,27.00000,7.80902
2024-10-04 07:21:20+07:00,-9999.00000,-9999.00000,0,27.00000,7.80902
2024-10-04 07:22:34+07:00,-9999.00000,-9999.00000,0,27.00000,7.80902
2024-10-04 07:23:48+07:00,-9999.00000,-9999.00000,0,27.00000,7.80656
2024-10-04 07:25:02+07:00,-9999.00000,-9999.00000,0,27.00000,7.80410
2024-10-04 07:26:16+07:00,-9999.00000,-9999.00000,0,27.00000,7.80656
2024-10-04 07:27:30+07:00,-9999.00000,-9999.00000,0,27.00000,7.80656
2024-10-04 07:28:44+07:00,-9999.00000,-9999.00000,0,27.00000,7.80164
2024-10-04 07:29:58+07:00,-9999.00000,-9999.00000,0,27.00000,7.79672
2024-10-04 07:31:12+07:00,-9999.00000,-9999.00000,0,27.00000,7.79672
2024-10-04 07:32:26+07:00,-9999.00000,-9999.00000,0,27.00000,7.73030
2024-10-04 07:33:40+07:00,-9999.00000,-9999.00000,0,27.00000,7.73030
2024-10-04 07:34:54+07:00,-9999.00000,-9999.00000,0,27.00000,7.80656
2024-10-04 07:36:08+07:00,-9999.00000,-9999.00000,0,27.00000,7.80164
2024-10-04 07:37:22+07:00,-9999.00000,-9999.00000,0,27.00000,7.79672
2024-10-04 07:38:36+07:00,-9999.00000,-9999.00000,0,27.00000,7.79672
2024-10-04 07:39:50+07:00,-9999.00000,-9999.00000,0,27.00000,7.80164
2024-10-04 07:41:04+07:00,-9999.00000,-9999.00000,0,27.00000,7.79180
2024-10-04 07:42:18+07:00,-9999.00000,-9999.00000,0,27.00000,7.79672
2024-10-04 07:43:32+07:00,-9999.00000,-9999.00000,0,27.00000,7.79672
2024-10-04 07:44:46+07:00,-9999.00000,-9999.00000,0,27.00000,7.79426
2024-10-04 07:46:00+07:00,-9999.00000,-9999.00000,0,27.00000,7.79180
2024-10-04 07:47:14+07:00,-9999.00000,-9999.00000,0,27.00000,7.79672
2024-10-04 07:48:27+07:00,-9999.00000,-9999.00000,0,27.00000,7.78688
2024-10-04 07:49:41+07:00,-9999.00000,-9999.00000,0,27.00000,7.79180
2024-10-04 07:50:55+07:00,-9999.00000,-9999.00000,0,27.00000,7.78688
2024-10-04 07:52:09+07:00,-9999.00000,-9999.00000,0,27.00000,7.78442
2024-10-04 07:53:23+07:00,-9999.00000,-9999.00000,0,27.00000,7.79180
2024-10-04 07:54:37+07:00,-9999.00000,-9999.00000,0,27.00000,7.79426
2024-10-04 07:55:51+07:00,-9999.00000,-9999.00000,0,27.00000,7.79918
2024-10-04 07:57:05+07:00,-9999.00000,-9999.00000,0,27.00000,7.78442
2024-10-04 07:58:19+07:00,-9999.00000,-9999.00000,0,27.00000,7.79180
2024-10-04 07:59:33+07:00,-9999.00000,-9999.00000,0,27.00000,7.78442
2024-10-04 08:00:47+07:00,-9999.00000,-9999.00000,0,27.00000,7.78196
2024-10-04 08:02:01+07:00,-9999.00000,-9999.00000,0,28.00000,7.79426
2024-10-04 08:03:15+07:00,-9999.00000,-9999.00000,0,28.00000,7.79426
2024-10-04 08:04:28+07:00,-9999.00000,-9999.00000,0,28.00000,7.78688
2024-10-04 08:05:42+07:00,-9999.00000,-9999.00000,0,28.00000,7.78934
2024-10-04 08:06:56+07:00,-9999.00000,-9999.00000,0,28.00000,7.74014
2024-10-04 08:08:11+07:00,-9999.00000,-9999.00000,0,28.00000,7.78442
2024-10-04 08:09:24+07:00,-9999.00000,-9999.00000,0,28.00000,7.78442
2024-10-04 08:10:38+07:00,-9999.00000,-9999.00000,0,28.00000,7.77704
2024-10-04 08:11:52+07:00,-9999.00000,-9999.00000,0,28.00000,7.78442
2024-10-04 08:13:06+07:00,-9999.00000,-9999.00000,0,28.00000,7.78934
2024-10-04 08:14:20+07:00,-9999.00000,-9999.00000,0,28.00000,7.79672
2024-10-04 08:15:34+07:00,-9999.00000,-9999.00000,0,28.00000,7.79672
2024-10-04 08:16:48+07:00,-9999.00000,-9999.00000,0,28.00000,7.80164
2024-10-04 08:18:01+07:00,-9999.00000,-9999.00000,0,28.00000,7.80410
2024-10-04 08:19:15+07:00,-9999.00000,-9999.00000,0,28.00000,7.78196
2024-10-04 08:20:29+07:00,-9999.00000,-9999.00000,0,28.00000,7.76966
2024-10-04 08:21:43+07:00,-9999.00000,-9999.00000,0,28.00000,7.77704
2024-10-04 08:22:57+07:00,-9999.00000,-9999.00000,0,28.00000,7.76228
2024-10-04 08:24:11+07:00,-9999.00000,-9999.00000,0,28.00000,7.78196
2024-10-04 08:25:25+07:00,-9999.00000,-9999.00000,0,28.00000,7.77212
2024-10-04 08:26:39+07:00,-9999.00000,-9999.00000,0,28.00000,7.77704
2024-10-04 08:27:53+07:00,-9999.00000,-9999.00000,0,28.00000,7.76720
2024-10-04 08:29:10+07:00,-9999.00000,-9999.00000,0,28.00000,7.77704
2024-10-04 08:30:24+07:00,-9999.00000,-9999.00000,0,28.00000,7.77458
2024-10-04 08:31:38+07:00,-9999.00000,-9999.00000,0,28.00000,7.77212
2024-10-04 08:32:52+07:00,-9999.00000,-9999.00000,0,28.00000,7.74506
2024-10-04 08:34:07+07:00,-9999.00000,-9999.00000,0,29.00000,7.76720
2024-10-04 08:35:21+07:00,-9999.00000,-9999.00000,0,29.00000,7.77212
2024-10-04 08:36:35+07:00,-9999.00000,-9999.00000,0,29.00000,7.78196
2024-10-04 08:37:49+07:00,-9999.00000,-9999.00000,0,29.00000,7.76720
2024-10-04 08:39:03+07:00,-9999.00000,-9999.00000,0,29.00000,7.76720
2024-10-04 08:41:42+07:00,-9999.00000,-9999.00000,0,29.00000,7.76720
2024-10-04 08:42:56+07:00,-9999.00000,-9999.00000,0,29.00000,7.77704
2024-10-04 08:44:10+07:00,-9999.00000,-9999.00000,0,29.00000,7.78196
2024-10-04 08:45:24+07:00,-9999.00000,-9999.00000,0,29.00000,7.77212
2024-10-04 08:46:38+07:00,-9999.00000,-9999.00000,0,29.00000,7.76474
2024-10-04 08:47:52+07:00,-9999.00000,-9999.00000,0,29.00000,7.77458
2024-10-04 08:49:05+07:00,-9999.00000,-9999.00000,0,29.00000,7.75736
2024-10-04 08:50:19+07:00,-9999.00000,-9999.00000,0,29.00000,7.76474
2024-10-04 08:51:33+07:00,-9999.00000,-9999.00000,0,29.00000,7.76228
2024-10-04 08:52:47+07:00,-9999.00000,-9999.00000,0,29.00000,7.76966
2024-10-04 08:54:01+07:00,-9999.00000,-9999.00000,0,29.00000,7.76720
2024-10-04 08:55:15+07:00,-9999.00000,-9999.00000,0,30.00000,7.76966
2024-10-04 08:56:32+07:00,-9999.00000,-9999.00000,0,30.00000,7.75736
2024-10-04 08:57:46+07:00,-9999.00000,-9999.00000,0,30.00000,7.77704
2024-10-04 08:59:00+07:00,-9999.00000,-9999.00000,0,30.00000,7.77212
2024-10-04 09:00:14+07:00,-9999.00000,-9999.00000,0,30.00000,7.76474
2024-10-04 09:01:28+07:00,-9999.00000,-9999.00000,0,30.00000,7.76720
2024-10-04 09:02:42+07:00,-9999.00000,-9999.00000,0,30.00000,7.75736
2024-10-04 09:03:55+07:00,-9999.00000,-9999.00000,0,30.00000,7.76720
2024-10-04 09:05:09+07:00,-9999.00000,-9999.00000,0,30.00000,7.76228
2024-10-04 09:06:23+07:00,-9999.00000,-9999.00000,0,30.00000,7.74752
2024-10-04 09:07:37+07:00,-9999.00000,-9999.00000,0,30.00000,7.76474
2024-10-04 09:08:51+07:00,-9999.00000,-9999.00000,0,30.00000,7.74752
2024-10-04 09:10:05+07:00,-9999.00000,-9999.00000,0,30.00000,7.76228
2024-10-04 09:11:19+07:00,-9999.00000,-9999.00000,0,30.00000,7.76474
2024-10-04 09:12:33+07:00,-9999.00000,-9999.00000,0,30.00000,7.75490
2024-10-04 09:13:46+07:00,-9999.00000,-9999.00000,0,31.00000,7.75736
2024-10-04 09:15:00+07:00,-9999.00000,-9999.00000,0,31.00000,7.75982
2024-10-04 09:16:14+07:00,-9999.00000,-9999.00000,0,31.00000,7.75736
2024-10-04 09:17:28+07:00,-9999.00000,-9999.00000,0,31.00000,7.76228
2024-10-04 09:18:42+07:00,-9999.00000,-9999.00000,0,31.00000,7.75736
2024-10-04 09:19:56+07:00,-9999.00000,-9999.00000,0,31.00000,7.73276
2024-10-04 09:21:10+07:00,-9999.00000,-9999.00000,0,31.00000,7.74752
2024-10-04 09:22:23+07:00,-9999.00000,-9999.00000,0,31.00000,7.75490
2024-10-04 09:23:37+07:00,-9999.00000,-9999.00000,0,31.00000,7.75490
2024-10-04 09:24:51+07:00,-9999.00000,-9999.00000,0,31.00000,7.75490
2024-10-04 09:26:05+07:00,-9999.00000,-9999.00000,0,31.00000,7.75736
2024-10-04 09:27:19+07:00,-9999.00000,-9999.00000,0,31.00000,7.75244
2024-10-04 09:28:33+07:00,-9999.00000,-9999.00000,0,31.00000,7.74752
2024-10-04 09:29:46+07:00,-9999.00000,-9999.00000,0,31.00000,7.75244
2024-10-04 09:31:00+07:00,-9999.00000,-9999.00000,0,31.00000,7.74998
2024-10-04 09:32:14+07:00,-9999.00000,-9999.00000,0,32.00000,7.75490
2024-10-04 09:33:28+07:00,-9999.00000,-9999.00000,0,32.00000,7.74752
2024-10-04 09:34:42+07:00,-9999.00000,-9999.00000,0,32.00000,7.75982
2024-10-04 09:35:56+07:00,-9999.00000,-9999.00000,0,32.00000,7.74506
2024-10-04 09:37:09+07:00,-9999.00000,-9999.00000,0,32.00000,7.74506
2024-10-04 09:38:23+07:00,-9999.00000,-9999.00000,0,32.00000,7.73030
2024-10-04 09:39:37+07:00,-9999.00000,-9999.00000,0,32.00000,7.74752
2024-10-04 09:40:51+07:00,-9999.00000,-9999.00000,0,32.00000,7.74506
2024-10-04 09:42:05+07:00,-9999.00000,-9999.00000,0,32.00000,7.74752
2024-10-04 09:43:19+07:00,-9999.00000,-9999.00000,0,32.00000,7.74260
2024-10-04 09:44:35+07:00,-9999.00000,-9999.00000,0,32.00000,7.74014
2024-10-04 09:45:51+07:00,-9999.00000,-9999.00000,0,32.00000,7.74014
2024-10-04 09:47:05+07:00,-9999.00000,-9999.00000,0,32.00000,7.73768
2024-10-04 09:48:19+07:00,-9999.00000,-9999.00000,0,32.00000,7.74260
2024-10-04 09:49:33+07:00,-9999.00000,-9999.00000,0,32.00000,7.74260
2024-10-04 09:50:46+07:00,-9999.00000,-9999.00000,0,33.00000,7.73522
2024-10-04 09:52:01+07:00,-9999.00000,-9999.00000,0,33.00000,7.75490
2024-10-04 09:53:17+07:00,-9999.00000,-9999.00000,0,33.00000,7.74260
2024-10-04 09:54:32+07:00,-9999.00000,-9999.00000,0,33.00000,7.73768
2024-10-04 09:55:46+07:00,-9999.00000,-9999.00000,0,33.00000,7.73768
2024-10-04 09:57:00+07:00,-9999.00000,-9999.00000,0,33.00000,7.73522
2024-10-04 09:58:14+07:00,-9999.00000,-9999.00000,0,33.00000,7.73768
2024-10-04 09:59:27+07:00,-9999.00000,-9999.00000,0,33.00000,7.73522
2024-10-04 10:00:41+07:00,-9999.00000,-9999.00000,0,33.00000,7.73522
2024-10-04 10:01:55+07:00,-9999.00000,-9999.00000,0,33.00000,7.73522
2024-10-04 10:03:09+07:00,-9999.00000,-9999.00000,0,33.00000,7.73276
2024-10-04 10:04:23+07:00,-9999.00000,-9999.00000,0,33.00000,7.73768
2024-10-04 10:05:36+07:00,-9999.00000,-9999.00000,0,33.00000,7.73522
2024-10-04 10:06:50+07:00,-9999.00000,-9999.00000,0,33.00000,7.73522
2024-10-04 10:08:04+07:00,-9999.00000,-9999.00000,0,33.00000,7.73276
2024-10-04 10:09:18+07:00,-9999.00000,-9999.00000,0,33.00000,7.73522
2024-10-04 10:10:32+07:00,-9999.00000,-9999.00000,0,33.00000,7.73030
2024-10-04 10:11:46+07:00,-9999.00000,-9999.00000,0,33.00000,7.74014
2024-10-04 10:12:59+07:00,-9999.00000,-9999.00000,0,34.00000,7.73030
2024-10-04 10:14:13+07:00,-9999.00000,-9999.00000,0,34.00000,7.73030
2024-10-04 10:15:27+07:00,-9999.00000,-9999.00000,0,34.00000,7.73522
2024-10-04 10:16:41+07:00,-9999.00000,-9999.00000,0,34.00000,7.73030
2024-10-04 10:17:55+07:00,-9999.00000,-9999.00000,0,34.00000,7.73030
2024-10-04 10:19:09+07:00,-9999.00000,-9999.00000,0,34.00000,7.73030
2024-10-04 10:20:23+07:00,-9999.00000,-9999.00000,0,34.00000,7.73522
2024-10-04 10:21:37+07:00,-9999.00000,-9999.00000,0,34.00000,7.73030
2024-10-04 10:22:52+07:00,-9999.00000,-9999.00000,0,34.00000,7.72784
2024-10-04 10:24:06+07:00,-9999.00000,-9999.00000,0,34.00000,7.73276
2024-10-04 10:25:20+07:00,-9999.00000,-9999.00000,0,34.00000,7.73030
2024-10-04 10:26:34+07:00,-9999.00000,-9999.00000,0,34.00000,7.73030
2024-10-04 10:27:47+07:00,-9999.00000,-9999.00000,0,34.00000,7.73276
2024-10-04 10:29:01+07:00,-9999.00000,-9999.00000,0,34.00000,7.73030
2024-10-04 10:30:15+07:00,-9999.00000,-9999.00000,0,34.00000,7.73030
2024-10-04 10:31:29+07:00,-9999.00000,-9999.00000,0,34.00000,7.73030
2024-10-04 10:33:23+07:00,-9999.00000,-9999.00000,0,34.00000,7.72538
2024-10-04 10:34:37+07:00,-9999.00000,-9999.00000,0,34.00000,7.72784
2024-10-04 10:38:08+07:00,-9999.00000,-9999.00000,0,34.00000,7.73030
2024-10-04 10:39:22+07:00,-9999.00000,-9999.00000,0,34.00000,7.73030
2024-10-04 10:40:36+07:00,-9999.00000,-9999.00000,0,34.00000,7.66634
2024-10-04 10:41:50+07:00,-9999.00000,-9999.00000,0,34.00000,7.72292
2024-10-04 10:43:04+07:00,-9999.00000,-9999.00000,0,34.00000,7.72538
2024-10-04 10:44:21+07:00,-9999.00000,-9999.00000,0,35.00000,7.72292
2024-10-04 10:45:37+07:00,-9999.00000,-9999.00000,0,35.00000,7.63190
2024-10-04 10:48:28+07:00,-9999.00000,-9999.00000,0,35.00000,7.62698
2024-10-04 10:49:55+07:00,-9999.00000,-9999.00000,0,35.00000,7.72046
2024-10-04 10:56:54+07:00,-9999.00000,-9999.00000,0,35.00000,7.71062
2024-10-04 10:58:12+07:00,-9999.00000,-9999.00000,0,35.00000,7.72292
2024-10-04 10:59:28+07:00,-9999.00000,-9999.00000,0,35.00000,7.71800
2024-10-04 11:00:42+07:00,-9999.00000,-9999.00000,0,35.00000,7.71554
2024-10-04 11:01:57+07:00,-9999.00000,-9999.00000,0,35.00000,7.71062
2024-10-04 11:03:17+07:00,-9999.00000,-9999.00000,0,35.00000,7.71554
2024-10-04 11:04:35+07:00,-9999.00000,-9999.00000,0,35.00000,7.71308
2024-10-04 11:05:49+07:00,-9999.00000,-9999.00000,0,35.00000,7.71800
2024-10-04 11:07:04+07:00,-9999.00000,-9999.00000,0,35.00000,7.70570
2024-10-04 11:08:18+07:00,-9999.00000,-9999.00000,0,35.00000,7.80164
2024-10-04 11:09:32+07:00,-9999.00000,-9999.00000,0,35.00000,7.73276
2024-10-04 11:10:46+07:00,-9999.00000,-9999.00000,0,35.00000,7.73030
2024-10-04 11:12:00+07:00,-9999.00000,-9999.00000,0,35.00000,7.75490
2024-10-04 11:13:14+07:00,-9999.00000,-9999.00000,0,35.00000,7.74014
2024-10-04 11:14:27+07:00,-9999.00000,-9999.00000,0,35.00000,7.75244
2024-10-04 11:15:41+07:00,-9999.00000,-9999.00000,0,35.00000,7.73522
2024-10-04 11:16:55+07:00,-9999.00000,-9999.00000,0,35.00000,8.27642
2024-10-04 11:18:09+07:00,-9999.00000,-9999.00000,0,34.00000,7.97876
2024-10-04 11:19:24+07:00,-9999.00000,-9999.00000,5470,32.00000,8.49536
2024-10-04 11:20:38+07:00,-9999.00000,-9999.00000,5480,31.00000,7.92464
2024-10-04 11:21:53+07:00,-9999.00000,-9999.00000,5470,31.00000,7.87544
2024-10-04 11:23:07+07:00,-9999.00000,-9999.00000,5460,31.00000,7.87052
2024-10-04 11:24:21+07:00,-9999.00000,-9999.00000,5460,31.00000,7.87298
2024-10-04 11:25:36+07:00,-9999.00000,-9999.00000,5460,31.00000,7.88528
2024-10-04 11:27:00+07:00,-9999.00000,-9999.00000,5490,31.00000,8.16326
2024-10-04 11:29:41+07:00,-9999.00000,-9999.00000,5460,31.00000,8.31824
2024-10-04 11:30:59+07:00,-9999.00000,-9999.00000,5470,31.00000,8.57162
2024-10-04 11:32:14+07:00,-9999.00000,-9999.00000,5450,31.00000,8.59130
2024-10-04 11:33:28+07:00,-9999.00000,-9999.00000,5430,31.00000,8.58146
2024-10-04 11:34:44+07:00,-9999.00000,-9999.00000,5440,31.00000,8.61098
2024-10-04 11:36:00+07:00,-9999.00000,-9999.00000,5440,31.00000,8.64296
2024-10-04 11:37:14+07:00,-9999.00000,-9999.00000,5440,31.00000,8.66018
2024-10-04 11:41:19+07:00,-9999.00000,-9999.00000,5440,31.00000,8.68970
2024-10-04 11:43:58+07:00,-9999.00000,-9999.00000,5440,31.00000,9.04148
2024-10-04 11:45:12+07:00,-9999.00000,-9999.00000,5580,31.00000,8.66264
2024-10-04 11:46:27+07:00,-9999.00000,-9999.00000,5450,31.00000,9.02426
2024-10-04 11:47:40+07:00,-9999.00000,-9999.00000,5440,31.00000,8.64296
2024-10-04 11:48:56+07:00,-9999.00000,-9999.00000,5430,31.00000,8.62574
2024-10-04 11:50:11+07:00,-9999.00000,-9999.00000,5440,31.00000,9.06116
2024-10-04 11:51:26+07:00,-9999.00000,-9999.00000,5420,31.00000,9.04148
2024-10-04 11:52:49+07:00,-9999.00000,-9999.00000,5420,31.00000,9.04394
2024-10-04 11:54:04+07:00,-9999.00000,-9999.00000,5420,31.00000,9.05624
2024-10-04 11:55:20+07:00,-9999.00000,-9999.00000,5420,31.00000,9.05624
2024-10-04 11:56:34+07:00,-9999.00000,-9999.00000,5410,31.00000,9.03656
2024-10-04 11:57:47+07:00,-9999.00000,-9999.00000,5440,31.00000,9.06362
2024-10-04 11:59:01+07:00,-9999.00000,-9999.00000,5450,31.00000,9.05132
2024-10-04 12:00:15+07:00,-9999.00000,-9999.00000,5470,31.00000,9.05624
2024-10-04 12:01:35+07:00,-9999.00000,-9999.00000,5430,31.00000,9.05624
2024-10-04 12:02:59+07:00,-9999.00000,-9999.00000,5450,31.00000,9.06608
2024-10-04 12:04:23+07:00,-9999.00000,-9999.00000,5420,31.00000,9.06116
2024-10-04 12:06:24+07:00,-9999.00000,-9999.00000,5420,31.00000,9.05624
2024-10-04 12:07:38+07:00,-9999.00000,-9999.00000,5440,31.00000,9.05624
2024-10-04 12:08:53+07:00,-9999.00000,-9999.00000,5430,31.00000,9.04640
2024-10-04 12:10:11+07:00,-9999.00000,-9999.00000,5420,31.00000,9.05624
2024-10-04 12:11:27+07:00,-9999.00000,-9999.00000,5430,31.00000,9.04640
2024-10-04 12:12:43+07:00,-9999.00000,-9999.00000,5420,31.00000,9.05378
2024-10-04 12:13:57+07:00,-9999.00000,-9999.00000,5440,31.00000,9.04148
2024-10-04 12:16:37+07:00,-9999.00000,-9999.00000,5410,31.00000,9.01196
2024-10-04 12:17:51+07:00,-9999.00000,-9999.00000,5410,31.00000,9.06116
2024-10-04 12:19:06+07:00,-9999.00000,-9999.00000,5420,31.00000,9.05624
2024-10-04 12:20:38+07:00,-9999.00000,-9999.00000,5400,31.00000,8.99474
2024-10-04 12:22:00+07:00,-9999.00000,-9999.00000,5380,31.00000,9.06608
2024-10-04 12:23:15+07:00,-9999.00000,-9999.00000,5380,31.00000,9.04640
2024-10-04 12:28:42+07:00,-9999.00000,-9999.00000,5410,31.00000,9.04640
2024-10-04 12:29:56+07:00,-9999.00000,-9999.00000,5400,31.00000,9.00704
2024-10-04 12:31:11+07:00,-9999.00000,-9999.00000,5400,31.00000,9.04148
2024-10-04 12:32:30+07:00,-9999.00000,-9999.00000,5390,31.00000,9.02672
2024-10-04 12:33:44+07:00,-9999.00000,-9999.00000,5370,32.00000,9.04394
2024-10-04 12:34:58+07:00,-9999.00000,-9999.00000,5360,31.00000,9.05132
2024-10-04 12:36:12+07:00,-9999.00000,-9999.00000,5380,32.00000,9.04640
2024-10-04 12:37:31+07:00,-9999.00000,-9999.00000,5360,32.00000,9.05132
2024-10-04 12:38:45+07:00,-9999.00000,-9999.00000,5360,31.00000,9.05378
2024-10-04 12:39:58+07:00,-9999.00000,-9999.00000,5360,31.00000,9.04640
2024-10-04 12:41:12+07:00,-9999.00000,-9999.00000,5370,31.00000,9.05378
2024-10-04 12:42:27+07:00,-9999.00000,-9999.00000,5380,31.00000,9.04640
2024-10-04 12:43:43+07:00,-9999.00000,-9999.00000,5380,31.00000,9.05132
2024-10-04 12:44:57+07:00,-9999.00000,-9999.00000,5380,31.00000,9.04640
2024-10-04 12:46:12+07:00,-9999.00000,-9999.00000,5380,31.00000,9.02180
2024-10-04 12:47:26+07:00,-9999.00000,-9999.00000,5380,31.00000,9.02672
2024-10-04 12:48:40+07:00,-9999.00000,-9999.00000,5360,31.00000,9.06608
2024-10-04 12:50:00+07:00,-9999.00000,-9999.00000,5360,31.00000,9.04148
2024-10-04 12:51:14+07:00,-9999.00000,-9999.00000,5350,31.00000,9.03656
2024-10-04 12:52:32+07:00,-9999.00000,-9999.00000,5380,31.00000,8.30594
2024-10-04 12:53:47+07:00,-9999.00000,-9999.00000,5370,31.00000,8.36006
2024-10-04 12:55:01+07:00,-9999.00000,-9999.00000,5350,31.00000,9.06116
2024-10-04 12:56:15+07:00,-9999.00000,-9999.00000,5350,31.00000,9.04640
2024-10-04 12:57:30+07:00,-9999.00000,-9999.00000,5340,31.00000,9.05378
2024-10-04 12:58:48+07:00,-9999.00000,-9999.00000,5350,31.00000,9.04640
2024-10-04 13:00:02+07:00,-9999.00000,-9999.00000,5350,31.00000,9.02426
2024-10-04 13:04:02+07:00,-9999.00000,-9999.00000,5360,31.00000,9.05378
2024-10-04 13:05:19+07:00,-9999.00000,-9999.00000,5350,31.00000,9.04640
2024-10-04 13:06:33+07:00,-9999.00000,-9999.00000,5350,31.00000,9.03656
2024-10-04 13:07:48+07:00,-9999.00000,-9999.00000,5360,32.00000,9.06608
2024-10-04 13:09:04+07:00,-9999.00000,-9999.00000,5330,32.00000,9.06854
2024-10-04 13:10:23+07:00,-9999.00000,-9999.00000,5350,32.00000,9.01442
2024-10-04 13:11:45+07:00,-9999.00000,-9999.00000,5340,32.00000,9.05870
2024-10-04 13:14:20+07:00,-9999.00000,-9999.00000,5340,32.00000,9.04148
2024-10-04 13:15:39+07:00,-9999.00000,-9999.00000,5330,32.00000,9.04148
2024-10-04 13:16:53+07:00,-9999.00000,-9999.00000,5370,32.00000,9.04640
2024-10-04 13:18:07+07:00,-9999.00000,-9999.00000,5310,32.00000,9.05132
2024-10-04 13:19:22+07:00,-9999.00000,-9999.00000,5310,32.00000,9.05624
2024-10-04 13:20:44+07:00,-9999.00000,-9999.00000,5300,32.00000,9.06854
2024-10-04 13:22:03+07:00,-9999.00000,-9999.00000,5300,32.00000,9.04148
2024-10-04 13:23:19+07:00,-9999.00000,-9999.00000,5310,32.00000,9.03410
2024-10-04 13:24:36+07:00,-9999.00000,-9999.00000,5320,32.00000,9.06854
2024-10-04 13:25:52+07:00,-9999.00000,-9999.00000,5320,32.00000,9.05378
2024-10-04 13:27:07+07:00,-9999.00000,-9999.00000,5310,32.00000,9.05624
2024-10-04 13:28:29+07:00,-9999.00000,-9999.00000,5300,32.00000,9.01688
2024-10-04 13:29:44+07:00,-9999.00000,-9999.00000,5290,31.00000,9.06116
2024-10-04 13:31:00+07:00,-9999.00000,-9999.00000,5300,31.00000,9.00704
2024-10-04 13:32:14+07:00,-9999.00000,-9999.00000,5310,31.00000,9.04394
2024-10-04 13:33:29+07:00,-9999.00000,-9999.00000,5300,31.00000,9.06362
2024-10-04 13:34:44+07:00,-9999.00000,-9999.00000,5310,31.00000,9.05378
2024-10-04 13:36:02+07:00,-9999.00000,-9999.00000,5310,31.00000,9.06854
2024-10-04 13:37:18+07:00,-9999.00000,-9999.00000,5300,31.00000,9.03656
2024-10-04 13:38:33+07:00,-9999.00000,-9999.00000,5300,31.00000,9.01688
2024-10-04 13:39:49+07:00,-9999.00000,-9999.00000,5300,31.00000,9.05378
2024-10-04 13:41:04+07:00,-9999.00000,-9999.00000,5310,31.00000,9.03902
2024-10-04 13:42:19+07:00,-9999.00000,-9999.00000,5300,31.00000,9.06116
2024-10-04 13:43:33+07:00,-9999.00000,-9999.00000,5310,31.00000,8.98490
2024-10-04 13:44:56+07:00,-9999.00000,-9999.00000,5300,31.00000,9.05132
2024-10-04 13:46:11+07:00,-9999.00000,-9999.00000,5300,31.00000,9.05624
2024-10-04 13:47:26+07:00,-9999.00000,-9999.00000,5300,31.00000,9.05378
2024-10-04 13:48:40+07:00,-9999.00000,-9999.00000,5280,31.00000,9.03410
2024-10-04 13:49:55+07:00,-9999.00000,-9999.00000,5270,31.00000,9.05870
2024-10-04 13:51:12+07:00,-9999.00000,-9999.00000,5270,31.00000,9.05132
2024-10-04 13:52:32+07:00,-9999.00000,-9999.00000,5270,32.00000,9.06608
2024-10-04 13:55:09+07:00,-9999.00000,-9999.00000,5270,32.00000,9.06608
2024-10-04 13:56:26+07:00,-9999.00000,-9999.00000,5270,31.00000,9.04640
2024-10-04 13:59:25+07:00,-9999.00000,-9999.00000,5260,32.00000,9.07592
2024-10-04 14:00:41+07:00,-9999.00000,-9999.00000,5250,32.00000,9.05870
2024-10-04 14:02:05+07:00,-9999.00000,-9999.00000,5260,32.00000,9.05870
2024-10-04 14:03:38+07:00,-9999.00000,-9999.00000,5240,32.00000,9.03902
2024-10-04 14:06:34+07:00,-9999.00000,-9999.00000,5250,32.00000,8.97752
2024-10-04 14:07:50+07:00,-9999.00000,-9999.00000,5230,32.00000,9.00212
2024-10-04 14:09:05+07:00,-9999.00000,-9999.00000,5240,32.00000,9.04640
2024-10-04 14:10:24+07:00,-9999.00000,-9999.00000,5240,32.00000,9.00704
2024-10-04 14:11:41+07:00,-9999.00000,-9999.00000,5240,32.00000,9.04148
2024-10-04 14:12:56+07:00,-9999.00000,-9999.00000,5220,32.00000,9.04394
2024-10-04 14:14:12+07:00,-9999.00000,-9999.00000,5210,32.00000,8.99474
2024-10-04 14:15:29+07:00,-9999.00000,-9999.00000,5200,32.00000,9.03902
2024-10-04 14:16:45+07:00,-9999.00000,-9999.00000,5200,32.00000,9.04640
2024-10-04 14:18:06+07:00,-9999.00000,-9999.00000,5200,32.00000,9.03902
2024-10-04 14:19:25+07:00,-9999.00000,-9999.00000,5210,32.00000,9.03164
2024-10-04 14:20:40+07:00,-9999.00000,-9999.00000,5200,32.00000,9.03656
2024-10-04 14:21:54+07:00,-9999.00000,-9999.00000,5190,31.00000,9.04148
2024-10-04 14:23:08+07:00,-9999.00000,-9999.00000,5190,31.00000,9.04394
2024-10-04 14:24:29+07:00,-9999.00000,-9999.00000,5190,31.00000,8.99228
2024-10-04 14:25:46+07:00,-9999.00000,-9999.00000,5190,31.00000,9.04148
2024-10-04 14:28:19+07:00,-9999.00000,-9999.00000,5210,31.00000,9.04148
2024-10-04 14:29:35+07:00,-9999.00000,-9999.00000,5200,31.00000,9.04640
2024-10-04 14:30:50+07:00,-9999.00000,-9999.00000,5200,31.00000,9.04148
2024-10-04 14:32:04+07:00,-9999.00000,-9999.00000,5200,32.00000,8.98982
2024-10-04 14:33:20+07:00,-9999.00000,-9999.00000,5200,32.00000,9.06116
2024-10-04 14:34:34+07:00,-9999.00000,-9999.00000,5200,32.00000,9.04394
2024-10-04 14:36:00+07:00,-9999.00000,-9999.00000,5190,32.00000,9.04148
2024-10-04 14:37:18+07:00,-9999.00000,-9999.00000,5190,32.00000,8.12144
2024-10-04 14:38:32+07:00,-9999.00000,-9999.00000,5180,32.00000,8.14112
2024-10-04 14:39:46+07:00,-9999.00000,-9999.00000,5170,32.00000,8.12390
2024-10-04 14:41:00+07:00,-9999.00000,-9999.00000,5170,32.00000,8.12882
2024-10-04 14:42:20+07:00,-9999.00000,-9999.00000,5170,32.00000,8.12390
2024-10-04 14:43:35+07:00,-9999.00000,-9999.00000,5170,32.00000,8.12390
2024-10-04 14:44:54+07:00,-9999.00000,-9999.00000,5160,32.00000,8.12390
2024-10-04 14:46:27+07:00,-9999.00000,-9999.00000,5150,32.00000,8.04518
2024-10-04 14:47:41+07:00,-9999.00000,-9999.00000,5160,32.00000,8.12390
2024-10-04 14:50:17+07:00,-9999.00000,-9999.00000,5150,32.00000,8.07716
2024-10-04 14:51:40+07:00,-9999.00000,-9999.00000,5140,32.00000,8.10176
2024-10-04 14:53:06+07:00,-9999.00000,-9999.00000,5120,32.00000,8.10914
2024-10-04 14:54:21+07:00,-9999.00000,-9999.00000,5110,32.00000,8.10914
2024-10-04 14:55:35+07:00,-9999.00000,-9999.00000,5120,32.00000,8.10668
2024-10-04 14:56:54+07:00,-9999.00000,-9999.00000,5110,32.00000,8.10914
2024-10-04 14:58:10+07:00,-9999.00000,-9999.00000,5120,32.00000,8.10914
2024-10-04 14:59:27+07:00,-9999.00000,-9999.00000,5120,31.00000,8.09930
2024-10-04 15:02:06+07:00,-9999.00000,-9999.00000,5130,31.00000,8.09930
2024-10-04 15:03:24+07:00,-9999.00000,-9999.00000,5120,31.00000,8.10914
2024-10-04 15:04:49+07:00,-9999.00000,-9999.00000,5130,31.00000,8.11652
2024-10-04 15:06:04+07:00,-9999.00000,-9999.00000,5130,31.00000,8.11406
2024-10-04 15:07:18+07:00,-9999.00000,-9999.00000,5140,31.00000,8.12390
2024-10-04 15:08:33+07:00,-9999.00000,-9999.00000,5120,31.00000,8.12390
2024-10-04 15:09:48+07:00,-9999.00000,-9999.00000,5110,31.00000,8.12636
2024-10-04 15:11:05+07:00,-9999.00000,-9999.00000,5110,31.00000,8.12636
2024-10-04 15:12:21+07:00,-9999.00000,-9999.00000,5100,31.00000,8.13128
2024-10-04 15:13:44+07:00,-9999.00000,-9999.00000,5100,31.00000,8.13128
2024-10-04 15:14:58+07:00,-9999.00000,-9999.00000,5100,31.00000,8.12390
2024-10-04 15:16:12+07:00,-9999.00000,-9999.00000,5070,31.00000,8.12390
2024-10-04 15:17:38+07:00,-9999.00000,-9999.00000,5080,32.00000,8.09192
2024-10-04 15:18:52+07:00,-9999.00000,-9999.00000,5070,32.00000,7.99352
2024-10-04 15:20:08+07:00,-9999.00000,-9999.00000,5080,32.00000,8.10668
2024-10-04 15:21:23+07:00,-9999.00000,-9999.00000,5060,32.00000,8.12144
2024-10-04 15:22:39+07:00,-9999.00000,-9999.00000,5060,32.00000,8.07224
2024-10-04 15:28:07+07:00,-9999.00000,-9999.00000,5040,32.00000,8.11652
2024-10-04 15:29:25+07:00,-9999.00000,-9999.00000,5040,32.00000,8.06732
2024-10-04 15:30:40+07:00,-9999.00000,-9999.00000,5020,32.00000,8.11898
2024-10-04 15:31:55+07:00,-9999.00000,-9999.00000,5010,32.00000,8.06240
2024-10-04 15:33:13+07:00,-9999.00000,-9999.00000,5010,32.00000,8.11652
2024-10-04 15:34:31+07:00,-9999.00000,-9999.00000,5000,32.00000,8.04272
2024-10-04 15:35:53+07:00,-9999.00000,-9999.00000,4990,32.00000,8.09930
2024-10-04 15:38:39+07:00,-9999.00000,-9999.00000,4980,32.00000,8.10176
2024-10-04 15:39:54+07:00,-9999.00000,-9999.00000,4980,32.00000,8.08946
2024-10-04 15:41:21+07:00,-9999.00000,-9999.00000,4980,32.00000,8.08700
2024-10-04 15:42:37+07:00,-9999.00000,-9999.00000,4970,32.00000,8.09192
2024-10-04 15:44:00+07:00,-9999.00000,-9999.00000,4980,32.00000,7.99106
2024-10-04 15:45:20+07:00,-9999.00000,-9999.00000,4980,32.00000,8.07716
2024-10-04 15:46:41+07:00,-9999.00000,-9999.00000,4970,32.00000,8.08946
2024-10-04 15:47:56+07:00,-9999.00000,-9999.00000,4980,32.00000,8.08946
2024-10-04 15:49:12+07:00,-9999.00000,-9999.00000,4960,32.00000,8.09930
2024-10-04 15:54:33+07:00,-9999.00000,-9999.00000,4950,32.00000,8.08700
2024-10-04 15:55:55+07:00,-9999.00000,-9999.00000,4950,32.00000,8.08454
2024-10-04 15:57:14+07:00,-9999.00000,-9999.00000,4940,32.00000,8.08208
2024-10-04 15:58:32+07:00,-9999.00000,-9999.00000,4950,32.00000,8.07962
2024-10-04 15:59:56+07:00,-9999.00000,-9999.00000,4950,32.00000,7.93940
2024-10-04 16:01:16+07:00,-9999.00000,-9999.00000,4950,32.00000,8.06240
2024-10-04 16:02:38+07:00,-9999.00000,-9999.00000,4950,32.00000,8.05748
2024-10-04 16:03:56+07:00,-9999.00000,-9999.00000,4940,32.00000,8.05256
2024-10-04 16:05:21+07:00,-9999.00000,-9999.00000,4940,32.00000,8.04764
2024-10-04 16:06:36+07:00,-9999.00000,-9999.00000,4920,32.00000,8.04764
2024-10-04 16:07:54+07:00,-9999.00000,-9999.00000,4910,32.00000,8.04518
2024-10-04 16:09:12+07:00,-9999.00000,-9999.00000,4920,32.00000,8.04518
2024-10-04 16:10:31+07:00,-9999.00000,-9999.00000,4900,32.00000,7.97876
2024-10-04 16:11:47+07:00,-9999.00000,-9999.00000,4910,32.00000,8.05256
2024-10-04 16:13:15+07:00,-9999.00000,-9999.00000,4910,32.00000,8.05748
2024-10-04 16:14:32+07:00,-9999.00000,-9999.00000,4920,32.00000,8.05010
2024-10-04 16:15:47+07:00,-9999.00000,-9999.00000,4910,33.00000,8.05994
2024-10-04 16:18:23+07:00,-9999.00000,-9999.00000,4910,33.00000,8.07470
2024-10-04 16:19:40+07:00,-9999.00000,-9999.00000,4890,33.00000,8.07716
2024-10-04 16:21:05+07:00,-9999.00000,-9999.00000,4900,33.00000,8.08208
2024-10-04 16:23:38+07:00,-9999.00000,-9999.00000,4890,33.00000,8.09192
2024-10-04 16:24:55+07:00,-9999.00000,-9999.00000,4890,33.00000,8.07716
2024-10-04 16:26:15+07:00,-9999.00000,-9999.00000,4880,33.00000,8.07224
2024-10-04 16:27:36+07:00,-9999.00000,-9999.00000,4880,33.00000,8.08208
2024-10-04 16:30:13+07:00,-9999.00000,-9999.00000,4870,33.00000,8.06732
2024-10-04 16:31:32+07:00,-9999.00000,-9999.00000,4870,33.00000,8.07224
2024-10-04 16:35:35+07:00,-9999.00000,-9999.00000,4870,33.00000,8.05994
2024-10-04 16:36:55+07:00,-9999.00000,-9999.00000,4860,33.00000,8.03780
2024-10-04 16:38:12+07:00,-9999.00000,-9999.00000,4880,32.00000,8.00336
2024-10-04 16:39:29+07:00,-9999.00000,-9999.00000,4870,32.00000,8.04518
2024-10-04 16:42:16+07:00,-9999.00000,-9999.00000,4830,32.00000,8.04518
2024-10-04 16:43:49+07:00,-9999.00000,-9999.00000,4750,32.00000,8.03780
2024-10-04 16:45:12+07:00,-9999.00000,-9999.00000,4710,32.00000,8.04272
2024-10-04 16:46:27+07:00,-9999.00000,-9999.00000,4690,32.00000,8.04272
2024-10-04 16:47:45+07:00,-9999.00000,-9999.00000,4680,32.00000,7.93448
2024-10-04 16:49:18+07:00,-9999.00000,-9999.00000,4680,32.00000,8.04518
2024-10-04 16:50:36+07:00,-9999.00000,-9999.00000,4670,32.00000,7.99844
2024-10-04 16:51:58+07:00,-9999.00000,-9999.00000,4660,32.00000,7.98368
2024-10-04 16:53:12+07:00,-9999.00000,-9999.00000,4660,32.00000,8.03780
2024-10-04 16:54:36+07:00,-9999.00000,-9999.00000,4660,32.00000,8.04026
2024-10-04 16:55:54+07:00,-9999.00000,-9999.00000,4660,32.00000,8.02304
2024-10-04 16:57:58+07:00,-9999.00000,-9999.00000,4670,32.00000,8.03534
2024-10-04 16:59:14+07:00,-9999.00000,-9999.00000,4680,32.00000,8.04026
2024-10-04 17:00:28+07:00,-9999.00000,-9999.00000,4680,32.00000,8.02058
2024-10-04 17:01:45+07:00,-9999.00000,-9999.00000,4670,32.00000,8.03042
2024-10-04 17:04:24+07:00,-9999.00000,-9999.00000,4680,31.00000,8.00336
2024-10-04 17:05:43+07:00,-9999.00000,-9999.00000,4670,31.00000,8.03534
2024-10-04 17:07:06+07:00,-9999.00000,-9999.00000,4670,31.00000,8.03288
2024-10-04 17:08:21+07:00,-9999.00000,-9999.00000,4670,31.00000,8.03780
2024-10-04 17:09:36+07:00,-9999.00000,-9999.00000,4670,31.00000,8.03042
2024-10-04 17:10:58+07:00,-9999.00000,-9999.00000,4660,31.00000,8.02796
2024-10-04 17:12:13+07:00,-9999.00000,-9999.00000,4660,31.00000,8.03042
2024-10-04 17:13:28+07:00,-9999.00000,-9999.00000,4650,31.00000,8.03042
2024-10-04 17:14:49+07:00,-9999.00000,-9999.00000,4650,31.00000,8.02058
2024-10-04 17:16:08+07:00,-9999.00000,-9999.00000,4660,31.00000,8.03780
2024-10-04 17:17:22+07:00,-9999.00000,-9999.00000,4650,31.00000,7.96154
2024-10-04 17:18:36+07:00,-9999.00000,-9999.00000,4650,31.00000,8.02796
2024-10-04 17:24:08+07:00,-9999.00000,-9999.00000,4560,31.00000,8.02796
2024-10-04 17:25:24+07:00,-9999.00000,-9999.00000,4530,31.00000,8.02550
2024-10-04 17:26:39+07:00,-9999.00000,-9999.00000,4520,31.00000,8.02550
2024-10-04 17:27:53+07:00,-9999.00000,-9999.00000,4500,31.00000,8.02058
2024-10-04 17:29:07+07:00,-9999.00000,-9999.00000,4490,31.00000,8.01812
2024-10-04 17:30:22+07:00,-9999.00000,-9999.00000,4500,31.00000,8.01812
2024-10-04 17:31:35+07:00,-9999.00000,-9999.00000,4500,31.00000,8.00336
2024-10-04 17:32:49+07:00,-9999.00000,-9999.00000,4520,31.00000,8.02304
2024-10-04 17:34:03+07:00,-9999.00000,-9999.00000,4520,31.00000,8.03288
2024-10-04 17:35:17+07:00,-9999.00000,-9999.00000,4520,31.00000,8.02058
2024-10-04 17:36:36+07:00,-9999.00000,-9999.00000,4510,31.00000,8.00336
2024-10-04 17:37:51+07:00,-9999.00000,-9999.00000,4510,31.00000,8.02304
2024-10-04 17:39:04+07:00,-9999.00000,-9999.00000,4550,31.00000,8.02058
2024-10-04 17:40:19+07:00,-9999.00000,-9999.00000,4540,31.00000,8.03042
2024-10-04 17:41:33+07:00,-9999.00000,-9999.00000,4510,31.00000,8.01566
2024-10-04 17:42:48+07:00,-9999.00000,-9999.00000,4520,31.00000,8.00336
2024-10-04 17:44:02+07:00,-9999.00000,-9999.00000,4540,31.00000,8.00336
2024-10-04 17:45:18+07:00,-9999.00000,-9999.00000,4520,31.00000,8.00336
2024-10-04 17:46:36+07:00,-9999.00000,-9999.00000,4510,31.00000,8.00336
2024-10-04 17:47:52+07:00,-9999.00000,-9999.00000,4500,31.00000,8.00090
2024-10-04 17:49:13+07:00,-9999.00000,-9999.00000,4490,31.00000,8.00336
2024-10-04 17:50:27+07:00,-9999.00000,-9999.00000,4490,31.00000,8.00090
2024-10-04 17:51:46+07:00,-9999.00000,-9999.00000,4490,31.00000,7.99844
2024-10-04 17:53:07+07:00,-9999.00000,-9999.00000,4480,31.00000,8.00336
2024-10-04 17:54:24+07:00,-9999.00000,-9999.00000,4470,31.00000,8.00336
2024-10-04 17:55:38+07:00,-9999.00000,-9999.00000,4470,31.00000,8.00336
2024-10-04 17:56:54+07:00,-9999.00000,-9999.00000,4470,31.00000,7.99352
2024-10-04 17:58:11+07:00,-9999.00000,-9999.00000,4470,31.00000,7.92464
2024-10-04 17:59:25+07:00,-9999.00000,-9999.00000,4470,31.00000,7.93202
2024-10-04 18:00:39+07:00,-9999.00000,-9999.00000,4470,31.00000,7.95908
2024-10-04 18:01:54+07:00,-9999.00000,-9999.00000,4450,31.00000,8.01812
2024-10-04 18:03:08+07:00,-9999.00000,-9999.00000,4420,31.00000,8.02058
2024-10-04 18:04:22+07:00,-9999.00000,-9999.00000,4440,31.00000,7.99352
2024-10-04 18:05:36+07:00,-9999.00000,-9999.00000,4430,31.00000,7.99352
2024-10-04 18:06:55+07:00,-9999.00000,-9999.00000,4430,31.00000,8.00336
2024-10-04 18:08:12+07:00,-9999.00000,-9999.00000,4440,31.00000,8.00090
2024-10-04 18:09:28+07:00,-9999.00000,-9999.00000,4440,31.00000,7.89758
2024-10-04 18:10:46+07:00,-9999.00000,-9999.00000,4440,31.00000,7.90004
2024-10-04 18:12:08+07:00,-9999.00000,-9999.00000,4440,31.00000,7.99844
2024-10-04 18:13:24+07:00,-9999.00000,-9999.00000,4440,31.00000,7.98860
2024-10-04 18:14:40+07:00,-9999.00000,-9999.00000,4450,31.00000,7.98368
2024-10-04 18:17:20+07:00,-9999.00000,-9999.00000,4460,31.00000,7.98860
2024-10-04 18:18:34+07:00,-9999.00000,-9999.00000,4470,31.00000,7.98860
2024-10-04 18:19:52+07:00,-9999.00000,-9999.00000,4490,31.00000,7.99844
2024-10-04 18:21:07+07:00,-9999.00000,-9999.00000,4490,31.00000,8.01812
2024-10-04 18:22:21+07:00,-9999.00000,-9999.00000,4490,31.00000,8.00090
2024-10-04 18:23:35+07:00,-9999.00000,-9999.00000,4490,31.00000,7.98122
2024-10-04 18:24:49+07:00,-9999.00000,-9999.00000,4500,31.00000,7.99352
2024-10-04 18:26:08+07:00,-9999.00000,-9999.00000,4510,31.00000,7.94186
2024-10-04 18:27:25+07:00,-9999.00000,-9999.00000,4500,31.00000,7.98860
2024-10-04 18:28:39+07:00,-9999.00000,-9999.00000,4510,31.00000,7.98368
2024-10-04 18:29:55+07:00,-9999.00000,-9999.00000,4510,31.00000,7.99352
2024-10-04 18:31:09+07:00,-9999.00000,-9999.00000,4510,31.00000,7.98368
2024-10-04 18:32:28+07:00,-9999.00000,-9999.00000,4510,31.00000,7.98122
2024-10-04 18:33:42+07:00,-9999.00000,-9999.00000,4510,31.00000,7.99352
2024-10-04 18:35:05+07:00,-9999.00000,-9999.00000,4520,31.00000,7.95908
2024-10-04 18:36:20+07:00,-9999.00000,-9999.00000,4520,31.00000,7.98860
2024-10-04 18:37:40+07:00,-9999.00000,-9999.00000,4520,31.00000,7.98860
2024-10-04 18:39:00+07:00,-9999.00000,-9999.00000,4520,31.00000,7.98368
2024-10-04 18:40:16+07:00,-9999.00000,-9999.00000,4520,31.00000,7.95416
2024-10-04 18:41:33+07:00,-9999.00000,-9999.00000,4520,31.00000,7.91234
2024-10-04 18:42:53+07:00,-9999.00000,-9999.00000,4530,31.00000,7.98368
2024-10-04 18:44:09+07:00,-9999.00000,-9999.00000,4530,31.00000,7.99844
2024-10-04 18:46:47+07:00,-9999.00000,-9999.00000,4530,31.00000,7.98122
2024-10-04 18:48:01+07:00,-9999.00000,-9999.00000,4540,31.00000,7.97384
2024-10-04 18:49:15+07:00,-9999.00000,-9999.00000,4540,31.00000,7.98860
2024-10-04 18:50:31+07:00,-9999.00000,-9999.00000,4540,31.00000,7.97876
2024-10-04 18:51:52+07:00,-9999.00000,-9999.00000,4540,31.00000,7.98122
2024-10-04 18:53:08+07:00,-9999.00000,-9999.00000,4540,31.00000,7.94924
2024-10-04 18:54:24+07:00,-9999.00000,-9999.00000,4540,31.00000,7.96154
2024-10-04 18:55:43+07:00,-9999.00000,-9999.00000,4540,31.00000,7.98368
2024-10-04 18:56:57+07:00,-9999.00000,-9999.00000,4540,31.00000,7.97138
2024-10-04 18:58:12+07:00,-9999.00000,-9999.00000,4550,31.00000,7.98368
2024-10-04 18:59:27+07:00,-9999.00000,-9999.00000,4540,31.00000,7.96646
2024-10-04 19:00:50+07:00,-9999.00000,-9999.00000,4550,31.00000,7.97876
2024-10-04 19:02:04+07:00,-9999.00000,-9999.00000,4550,31.00000,7.96892
2024-10-04 19:03:22+07:00,-9999.00000,-9999.00000,4550,31.00000,7.96892
2024-10-04 19:04:38+07:00,-9999.00000,-9999.00000,4550,31.00000,7.97876
2024-10-04 19:05:54+07:00,-9999.00000,-9999.00000,4550,31.00000,7.96892
2024-10-04 19:07:21+07:00,-9999.00000,-9999.00000,4550,31.00000,7.97384
2024-10-04 19:08:39+07:00,-9999.00000,-9999.00000,4550,31.00000,7.97384
2024-10-04 19:11:36+07:00,-9999.00000,-9999.00000,4550,31.00000,7.97138
2024-10-04 19:12:50+07:00,-9999.00000,-9999.00000,4550,31.00000,7.98122
2024-10-04 19:14:04+07:00,-9999.00000,-9999.00000,4560,31.00000,7.96646
2024-10-04 19:15:26+07:00,-9999.00000,-9999.00000,4560,31.00000,7.96646
2024-10-04 19:16:42+07:00,-9999.00000,-9999.00000,4550,31.00000,7.86560
2024-10-04 19:17:56+07:00,-9999.00000,-9999.00000,4550,31.00000,7.96646
2024-10-04 19:19:11+07:00,-9999.00000,-9999.00000,4550,31.00000,7.96892
2024-10-04 19:20:28+07:00,-9999.00000,-9999.00000,4560,31.00000,7.96646
2024-10-04 19:21:43+07:00,-9999.00000,-9999.00000,4560,31.00000,7.95908
2024-10-04 19:22:58+07:00,-9999.00000,-9999.00000,4550,31.00000,7.96646
2024-10-04 19:25:00+07:00,-9999.00000,-9999.00000,4550,31.00000,7.96400
2024-10-04 19:26:18+07:00,-9999.00000,-9999.00000,4550,31.00000,7.95416
2024-10-04 19:27:34+07:00,-9999.00000,-9999.00000,4560,31.00000,7.84838
2024-10-04 19:28:57+07:00,-9999.00000,-9999.00000,4560,31.00000,7.96646
2024-10-04 19:30:14+07:00,-9999.00000,-9999.00000,4550,31.00000,7.96400
2024-10-04 19:31:31+07:00,-9999.00000,-9999.00000,4560,31.00000,7.96646
2024-10-04 19:32:50+07:00,-9999.00000,-9999.00000,4560,31.00000,7.96646
2024-10-04 19:34:06+07:00,-9999.00000,-9999.00000,4550,31.00000,7.96646
2024-10-04 19:35:23+07:00,-9999.00000,-9999.00000,4550,31.00000,7.90004
2024-10-04 19:36:56+07:00,-9999.00000,-9999.00000,4550,31.00000,7.96646
2024-10-04 19:38:13+07:00,-9999.00000,-9999.00000,4550,31.00000,7.93940
2024-10-04 19:39:35+07:00,-9999.00000,-9999.00000,4550,31.00000,7.95416
2024-10-04 19:41:07+07:00,-9999.00000,-9999.00000,4550,31.00000,7.84592
2024-10-04 19:42:21+07:00,-9999.00000,-9999.00000,4540,31.00000,7.95662
2024-10-04 19:43:45+07:00,-9999.00000,-9999.00000,4550,31.00000,7.95416
2024-10-04 19:45:06+07:00,-9999.00000,-9999.00000,4540,31.00000,7.90496
2024-10-04 19:46:27+07:00,-9999.00000,-9999.00000,4540,31.00000,7.87052
2024-10-04 19:47:55+07:00,-9999.00000,-9999.00000,4540,31.00000,7.96154
2024-10-04 19:49:12+07:00,-9999.00000,-9999.00000,4540,31.00000,7.96400
2024-10-04 19:50:38+07:00,-9999.00000,-9999.00000,4530,31.00000,7.94432
2024-10-04 19:51:52+07:00,-9999.00000,-9999.00000,4540,31.00000,7.95416
2024-10-04 19:53:33+07:00,-9999.00000,-9999.00000,4540,31.00000,7.95662
2024-10-04 19:54:59+07:00,-9999.00000,-9999.00000,4540,31.00000,7.95416
2024-10-04 19:58:33+07:00,-9999.00000,-9999.00000,4550,31.00000,7.95662
2024-10-04 19:59:52+07:00,-9999.00000,-9999.00000,4550,31.00000,7.95170
2024-10-04 20:02:53+07:00,-9999.00000,-9999.00000,4550,31.00000,7.95170
2024-10-04 20:04:21+07:00,-9999.00000,-9999.00000,4560,31.00000,7.94432
2024-10-04 20:07:06+07:00,-9999.00000,-9999.00000,4560,31.00000,7.93940
2024-10-04 20:08:23+07:00,-9999.00000,-9999.00000,4560,31.00000,7.94432
2024-10-04 20:09:43+07:00,-9999.00000,-9999.00000,4560,31.00000,7.94186
2024-10-04 20:11:10+07:00,-9999.00000,-9999.00000,4560,31.00000,7.92710
2024-10-04 20:12:24+07:00,-9999.00000,-9999.00000,4560,31.00000,7.90004
2024-10-04 20:13:45+07:00,-9999.00000,-9999.00000,4560,31.00000,7.93940
2024-10-04 20:15:06+07:00,-9999.00000,-9999.00000,4560,31.00000,7.93940
2024-10-04 20:16:23+07:00,-9999.00000,-9999.00000,4560,31.00000,7.86068
2024-10-04 20:17:38+07:00,-9999.00000,-9999.00000,4560,31.00000,7.87298
2024-10-04 20:18:55+07:00,-9999.00000,-9999.00000,4560,31.00000,7.96400
2024-10-04 20:20:20+07:00,-9999.00000,-9999.00000,4560,31.00000,7.92956
2024-10-04 20:23:05+07:00,-9999.00000,-9999.00000,4560,31.00000,7.92710
2024-10-04 20:24:31+07:00,-9999.00000,-9999.00000,4550,31.00000,7.93202
2024-10-04 20:26:00+07:00,-9999.00000,-9999.00000,4560,31.00000,7.92956
2024-10-04 20:27:14+07:00,-9999.00000,-9999.00000,4560,31.00000,7.93202
2024-10-04 20:28:30+07:00,-9999.00000,-9999.00000,4560,31.00000,7.93448
2024-10-04 20:31:16+07:00,-9999.00000,-9999.00000,4560,31.00000,7.92464
2024-10-04 20:32:31+07:00,-9999.00000,-9999.00000,4560,31.00000,7.90988
2024-10-04 20:33:49+07:00,-9999.00000,-9999.00000,4570,31.00000,7.92710
2024-10-04 20:35:06+07:00,-9999.00000,-9999.00000,4560,31.00000,7.92710
2024-10-04 20:36:23+07:00,-9999.00000,-9999.00000,4560,31.00000,7.92464
2024-10-04 20:37:38+07:00,-9999.00000,-9999.00000,4570,31.00000,7.93202
2024-10-04 20:38:53+07:00,-9999.00000,-9999.00000,4570,31.00000,7.91480
2024-10-04 20:40:12+07:00,-9999.00000,-9999.00000,4570,31.00000,7.92956
2024-10-04 20:41:32+07:00,-9999.00000,-9999.00000,4580,31.00000,7.92710
2024-10-04 20:42:47+07:00,-9999.00000,-9999.00000,4580,31.00000,7.88774
2024-10-04 20:44:15+07:00,-9999.00000,-9999.00000,4570,31.00000,7.92464
2024-10-04 20:45:32+07:00,-9999.00000,-9999.00000,4570,31.00000,7.92956
2024-10-04 20:48:28+07:00,-9999.00000,-9999.00000,4570,31.00000,7.92218
2024-10-04 20:51:03+07:00,-9999.00000,-9999.00000,4570,31.00000,7.91480
2024-10-04 20:52:26+07:00,-9999.00000,-9999.00000,4570,31.00000,7.91480
2024-10-04 20:53:40+07:00,-9999.00000,-9999.00000,4580,31.00000,7.91480
2024-10-04 20:55:33+07:00,-9999.00000,-9999.00000,4580,31.00000,7.91972
2024-10-04 20:56:54+07:00,-9999.00000,-9999.00000,4570,31.00000,7.91480
2024-10-04 20:58:09+07:00,-9999.00000,-9999.00000,4570,31.00000,7.91480
2024-10-04 20:59:33+07:00,-9999.00000,-9999.00000,4570,31.00000,7.81148
2024-10-04 21:00:49+07:00,-9999.00000,-9999.00000,4570,31.00000,7.91480
2024-10-04 21:02:05+07:00,-9999.00000,-9999.00000,4570,31.00000,7.91972
2024-10-04 21:03:19+07:00,-9999.00000,-9999.00000,4570,31.00000,7.90742
2024-10-04 21:04:34+07:00,-9999.00000,-9999.00000,4570,31.00000,7.81640
2024-10-04 21:05:58+07:00,-9999.00000,-9999.00000,4570,31.00000,7.90250
2024-10-04 21:07:17+07:00,-9999.00000,-9999.00000,4570,31.00000,7.90250
2024-10-04 21:08:34+07:00,-9999.00000,-9999.00000,4570,31.00000,7.90988
2024-10-04 21:09:50+07:00,-9999.00000,-9999.00000,4570,31.00000,7.91480
2024-10-04 21:11:24+07:00,-9999.00000,-9999.00000,4570,31.00000,7.89758
2024-10-04 21:12:40+07:00,-9999.00000,-9999.00000,4570,31.00000,7.90004
2024-10-04 21:15:24+07:00,-9999.00000,-9999.00000,4570,31.00000,7.91234
2024-10-04 21:16:43+07:00,-9999.00000,-9999.00000,4570,31.00000,7.91234
2024-10-04 21:19:44+07:00,-9999.00000,-9999.00000,4570,31.00000,7.90004
2024-10-04 21:21:03+07:00,-9999.00000,-9999.00000,4570,31.00000,7.90250
2024-10-04 21:23:46+07:00,-9999.00000,-9999.00000,4580,31.00000,7.89020
2024-10-04 21:25:08+07:00,-9999.00000,-9999.00000,4580,31.00000,7.90496
2024-10-04 21:26:24+07:00,-9999.00000,-9999.00000,4570,31.00000,7.89512
2024-10-04 21:27:46+07:00,-9999.00000,-9999.00000,4580,31.00000,7.86314
2024-10-04 21:29:01+07:00,-9999.00000,-9999.00000,4580,31.00000,7.89758
2024-10-04 21:30:27+07:00,-9999.00000,-9999.00000,4580,31.00000,7.89266
2024-10-04 21:33:09+07:00,-9999.00000,-9999.00000,4570,31.00000,7.81886
2024-10-04 21:34:31+07:00,-9999.00000,-9999.00000,4580,31.00000,7.88774
2024-10-04 21:35:45+07:00,-9999.00000,-9999.00000,4580,31.00000,7.81394
2024-10-04 21:37:16+07:00,-9999.00000,-9999.00000,4580,31.00000,7.85084
2024-10-04 21:38:36+07:00,-9999.00000,-9999.00000,4580,31.00000,7.89020
2024-10-04 21:39:51+07:00,-9999.00000,-9999.00000,4580,31.00000,7.88282
2024-10-04 21:41:07+07:00,-9999.00000,-9999.00000,4580,31.00000,7.88774
2024-10-04 21:42:22+07:00,-9999.00000,-9999.00000,4590,31.00000,7.88774
2024-10-04 21:43:40+07:00,-9999.00000,-9999.00000,4580,31.00000,7.86314
2024-10-04 21:44:57+07:00,-9999.00000,-9999.00000,4580,31.00000,7.89512
2024-10-04 21:46:21+07:00,-9999.00000,-9999.00000,4580,31.00000,7.88774
2024-10-04 21:47:42+07:00,-9999.00000,-9999.00000,4580,31.00000,7.88774
2024-10-04 21:50:28+07:00,-9999.00000,-9999.00000,4580,31.00000,7.81394
2024-10-04 21:51:43+07:00,-9999.00000,-9999.00000,4580,31.00000,7.88282
2024-10-04 21:53:08+07:00,-9999.00000,-9999.00000,4580,31.00000,7.88036
2024-10-04 21:54:27+07:00,-9999.00000,-9999.00000,4590,31.00000,7.88282
2024-10-04 21:55:47+07:00,-9999.00000,-9999.00000,4590,31.00000,7.88774
2024-10-04 21:57:01+07:00,-9999.00000,-9999.00000,4580,31.00000,7.80902
2024-10-04 21:58:20+07:00,-9999.00000,-9999.00000,4590,31.00000,7.88528
2024-10-04 22:01:04+07:00,-9999.00000,-9999.00000,4580,31.00000,7.88774
2024-10-04 22:02:20+07:00,-9999.00000,-9999.00000,4590,31.00000,7.87544
2024-10-04 22:03:48+07:00,-9999.00000,-9999.00000,4590,31.00000,7.88036
2024-10-04 22:05:02+07:00,-9999.00000,-9999.00000,4590,31.00000,7.88528
2024-10-04 22:06:17+07:00,-9999.00000,-9999.00000,4590,31.00000,7.88528
2024-10-04 22:07:33+07:00,-9999.00000,-9999.00000,4590,31.00000,7.88774
2024-10-04 22:10:23+07:00,-9999.00000,-9999.00000,4590,31.00000,7.87790
2024-10-04 22:11:41+07:00,-9999.00000,-9999.00000,4590,31.00000,7.86068
2024-10-04 22:12:55+07:00,-9999.00000,-9999.00000,4590,31.00000,7.81148
2024-10-04 22:14:14+07:00,-9999.00000,-9999.00000,4590,31.00000,7.88774
2024-10-04 22:15:28+07:00,-9999.00000,-9999.00000,4590,31.00000,7.87052
2024-10-04 22:16:45+07:00,-9999.00000,-9999.00000,4600,31.00000,7.87544
2024-10-04 22:17:59+07:00,-9999.00000,-9999.00000,4610,31.00000,7.87544
2024-10-04 22:19:15+07:00,-9999.00000,-9999.00000,4610,31.00000,7.87544
2024-10-04 22:20:39+07:00,-9999.00000,-9999.00000,4600,31.00000,7.85576
2024-10-04 22:21:58+07:00,-9999.00000,-9999.00000,4600,31.00000,7.87544
2024-10-04 22:23:14+07:00,-9999.00000,-9999.00000,4600,31.00000,7.86560
2024-10-04 22:24:31+07:00,-9999.00000,-9999.00000,4600,31.00000,7.81394
2024-10-04 22:28:55+07:00,-9999.00000,-9999.00000,4600,31.00000,7.87790
2024-10-04 22:30:15+07:00,-9999.00000,-9999.00000,4600,31.00000,7.86560
2024-10-04 22:31:32+07:00,-9999.00000,-9999.00000,4600,31.00000,7.87298
2024-10-04 22:32:46+07:00,-9999.00000,-9999.00000,4600,31.00000,7.86560
2024-10-04 22:35:35+07:00,-9999.00000,-9999.00000,4600,31.00000,7.76966
2024-10-04 22:36:51+07:00,-9999.00000,-9999.00000,4600,31.00000,7.85084
2024-10-04 22:38:07+07:00,-9999.00000,-9999.00000,4600,31.00000,7.85576
2024-10-04 22:39:21+07:00,-9999.00000,-9999.00000,4600,31.00000,7.84838
2024-10-04 22:40:51+07:00,-9999.00000,-9999.00000,4610,31.00000,7.86068
2024-10-04 22:42:24+07:00,-9999.00000,-9999.00000,4610,31.00000,7.77704
2024-10-04 22:43:58+07:00,-9999.00000,-9999.00000,4600,31.00000,7.85576
2024-10-04 22:45:16+07:00,-9999.00000,-9999.00000,4610,31.00000,7.86068
2024-10-04 22:46:32+07:00,-9999.00000,-9999.00000,4610,31.00000,7.77212
2024-10-04 22:47:49+07:00,-9999.00000,-9999.00000,4610,31.00000,7.84838
2024-10-04 22:49:05+07:00,-9999.00000,-9999.00000,4610,31.00000,7.84100
2024-10-04 22:50:20+07:00,-9999.00000,-9999.00000,4620,31.00000,7.85330
2024-10-04 22:51:40+07:00,-9999.00000,-9999.00000,4620,31.00000,7.85084
2024-10-04 22:53:01+07:00,-9999.00000,-9999.00000,4610,31.00000,7.84838
2024-10-04 22:54:17+07:00,-9999.00000,-9999.00000,4620,31.00000,7.84838
2024-10-04 22:55:32+07:00,-9999.00000,-9999.00000,4620,31.00000,7.84838
2024-10-04 22:58:10+07:00,-9999.00000,-9999.00000,4620,31.00000,7.84838
2024-10-04 22:59:24+07:00,-9999.00000,-9999.00000,4630,31.00000,7.84838
2024-10-04 23:02:03+07:00,-9999.00000,-9999.00000,4620,31.00000,7.79426
2024-10-04 23:03:18+07:00,-9999.00000,-9999.00000,4620,31.00000,7.84838
2024-10-04 23:04:34+07:00,-9999.00000,-9999.00000,4620,31.00000,7.84592
2024-10-04 23:06:09+07:00,-9999.00000,-9999.00000,4630,31.00000,7.75736
2024-10-04 23:07:24+07:00,-9999.00000,-9999.00000,4630,31.00000,7.84592
2024-10-04 23:08:39+07:00,-9999.00000,-9999.00000,4630,31.00000,7.85330
2024-10-04 23:09:53+07:00,-9999.00000,-9999.00000,4640,31.00000,7.84592
2024-10-04 23:11:14+07:00,-9999.00000,-9999.00000,4630,31.00000,7.84592
2024-10-04 23:14:10+07:00,-9999.00000,-9999.00000,4630,31.00000,7.84592
2024-10-04 23:15:43+07:00,-9999.00000,-9999.00000,4630,31.00000,7.75244
2024-10-04 23:17:05+07:00,-9999.00000,-9999.00000,4630,31.00000,7.83608
2024-10-04 23:18:21+07:00,-9999.00000,-9999.00000,4630,31.00000,7.77704
2024-10-04 23:19:35+07:00,-9999.00000,-9999.00000,4640,31.00000,7.84100
2024-10-04 23:20:51+07:00,-9999.00000,-9999.00000,4630,31.00000,7.84346
2024-10-04 23:22:15+07:00,-9999.00000,-9999.00000,4640,31.00000,7.83362
2024-10-04 23:23:33+07:00,-9999.00000,-9999.00000,4630,31.00000,7.78934
2024-10-04 23:26:19+07:00,-9999.00000,-9999.00000,4640,31.00000,7.73522
2024-10-04 23:27:36+07:00,-9999.00000,-9999.00000,4640,31.00000,7.82624
2024-10-04 23:28:58+07:00,-9999.00000,-9999.00000,4640,31.00000,7.82870
2024-10-04 23:30:14+07:00,-9999.00000,-9999.00000,4640,31.00000,7.82378
2024-10-04 23:31:34+07:00,-9999.00000,-9999.00000,4640,31.00000,7.84346
2024-10-04 23:32:48+07:00,-9999.00000,-9999.00000,4640,31.00000,7.83608
2024-10-04 23:34:08+07:00,-9999.00000,-9999.00000,4640,31.00000,7.83362
2024-10-04 23:37:51+07:00,-9999.00000,-9999.00000,4640,31.00000,7.81886
2024-10-04 23:39:18+07:00,-9999.00000,-9999.00000,4640,31.00000,7.82132
2024-10-04 23:40:50+07:00,-9999.00000,-9999.00000,4640,31.00000,7.83362
2024-10-04 23:42:07+07:00,-9999.00000,-9999.00000,4640,31.00000,7.75736
2024-10-04 23:46:45+07:00,-9999.00000,-9999.00000,4640,31.00000,7.81640
2024-10-04 23:47:59+07:00,-9999.00000,-9999.00000,4640,31.00000,7.82132
2024-10-04 23:49:54+07:00,-9999.00000,-9999.00000,4630,31.00000,7.81886
2024-10-04 23:51:12+07:00,-9999.00000,-9999.00000,4630,31.00000,7.82132
2024-10-04 23:54:00+07:00,-9999.00000,-9999.00000,4630,31.00000,7.81640
2024-10-04 23:55:18+07:00,-9999.00000,-9999.00000,4640,31.00000,7.80902
2024-10-04 23:56:35+07:00,-9999.00000,-9999.00000,4640,31.00000,7.81148
2024-10-04 23:57:49+07:00,-9999.00000,-9999.00000,4640,31.00000,7.76228
2024-10-04 23:59:05+07:00,-9999.00000,-9999.00000,4640,31.00000,7.81886
